age,income,credit_score,city,plan
30.0,37075.0,688.0,Chennai,Basic
32.0,42734.0,703.0,Delhi,Basic
28.0,38677.0,601.0,Mumbai,Basic
25.0,32886.0,713.0,Chennai,Premium
27.0,46301.0,626.0,Mumbai,Basic
24.0,35683.0,599.0,Delhi,Basic
30.0,36006.0,641.0,Delhi,Premium
38.0,28963.0,577.0,Chennai,Basic
27.0,33712.0,650.0,Delhi,Premium
26.0,45214.0,664.0,Chennai,Basic
33.0,27059.0,640.0,Mumbai,Basic
32.0,39431.0,677.0,Delhi,Basic
31.0,45742.0,634.0,Chennai,Basic
24.0,36983.0,650.0,Delhi,Basic
30.0,41918.0,578.0,Mumbai,Basic
34.0,31066.0,652.0,Delhi,Basic
22.0,50482.0,607.0,Chennai,Basic
27.0,48808.0,628.0,Delhi,Premium
19.0,41884.0,645.0,Delhi,Premium
22.0,25959.0,660.0,Chennai,Basic
19.0,31632.0,568.0,Mumbai,Premium
29.0,47814.0,572.0,Mumbai,Basic
22.0,53705.0,635.0,Chennai,Basic
32.0,42373.0,674.0,Delhi,Premium
31.0,49979.0,668.0,Chennai,Premium
29.0,35138.0,695.0,Chennai,Basic
15.0,38485.0,715.0,Chennai,Basic
27.0,40009.0,675.0,Chennai,Basic
30.0,43385.0,649.0,Delhi,Premium
31.0,27770.0,598.0,Chennai,Basic
21.0,47525.0,603.0,Delhi,Premium
27.0,50580.0,627.0,Mumbai,Basic
24.0,30810.0,663.0,Delhi,Basic
25.0,29157.0,661.0,Chennai,Basic
36.0,42804.0,650.0,Chennai,Premium
25.0,34766.0,642.0,Delhi,Basic
30.0,21033.0,682.0,Delhi,Basic
35.0,46469.0,660.0,Mumbai,Basic
26.0,41245.0,665.0,Chennai,Basic
29.0,36187.0,665.0,Chennai,Basic
31.0,56908.0,623.0,Mumbai,Basic
30.0,41111.0,598.0,Delhi,Premium
23.0,33973.0,675.0,Chennai,Basic
30.0,40809.0,671.0,Mumbai,Basic
38.0,31679.0,639.0,Chennai,Basic
21.0,33906.0,629.0,Delhi,Basic
35.0,43091.0,764.0,Delhi,Basic
31.0,35566.0,612.0,Mumbai,Basic
26.0,36392.0,639.0,Chennai,Basic
42.0,53352.0,663.0,Mumbai,Basic
35.0,46877.0,592.0,Mumbai,Premium
23.0,46423.0,656.0,Mumbai,Premium
30.0,44231.0,740.0,Mumbai,Premium
33.0,43874.0,697.0,Chennai,Basic
29.0,51653.0,682.0,Mumbai,Premium
34.0,39844.0,680.0,Delhi,Basic
30.0,54844.0,656.0,Mumbai,Premium
34.0,32389.0,698.0,Delhi,Basic
39.0,37960.0,642.0,Chennai,Premium
26.0,28971.0,629.0,Mumbai,Basic
31.0,37250.0,655.0,Delhi,Premium
27.0,44148.0,695.0,Chennai,Basic
31.0,51610.0,667.0,Chennai,Premium
23.0,34693.0,684.0,Chennai,Basic
27.0,40042.0,549.0,Delhi,Premium
29.0,37126.0,710.0,Mumbai,Premium
35.0,34091.0,767.0,Chennai,Basic
37.0,30485.0,717.0,Chennai,Premium
22.0,40485.0,634.0,Mumbai,Basic
25.0,26143.0,608.0,Chennai,Premium
34.0,40884.0,664.0,Chennai,Basic
18.0,40168.0,601.0,Mumbai,Premium
27.0,34738.0,686.0,Chennai,Basic
29.0,31913.0,624.0,Delhi,Basic
38.0,28926.0,698.0,Mumbai,Basic
34.0,54971.0,718.0,Delhi,Premium
28.0,29264.0,548.0,Chennai,Basic
28.0,52462.0,665.0,Chennai,Premium
28.0,44801.0,615.0,Delhi,Basic
39.0,37088.0,580.0,Mumbai,Basic
27.0,30743.0,619.0,Delhi,Basic
28.0,48340.0,639.0,Delhi,Basic
32.0,53837.0,702.0,Delhi,Basic
29.0,32528.0,574.0,Chennai,Premium
29.0,37610.0,703.0,Delhi,Premium
23.0,48413.0,751.0,Chennai,Basic
30.0,42686.0,680.0,Delhi,Basic
27.0,56000.0,677.0,Mumbai,Premium
37.0,35439.0,649.0,Chennai,Premium
34.0,44338.0,591.0,Delhi,Premium
30.0,29993.0,677.0,Mumbai,Premium
34.0,56767.0,669.0,Chennai,Basic
28.0,34157.0,687.0,Mumbai,Basic
36.0,22336.0,778.0,Chennai,Basic
30.0,38994.0,686.0,Mumbai,Basic
34.0,38885.0,671.0,Chennai,Basic
22.0,55325.0,728.0,Delhi,Basic
32.0,37289.0,583.0,Mumbai,Premium
20.0,39899.0,593.0,Mumbai,Basic
18.0,44748.0,631.0,Delhi,Basic
28.0,52690.0,617.0,Chennai,Basic
25.0,39494.0,685.0,Delhi,Basic
31.0,48316.0,634.0,Delhi,Basic
43.0,44145.0,737.0,Chennai,Basic
25.0,37630.0,726.0,Chennai,Basic
26.0,40620.0,689.0,Mumbai,Premium
31.0,40229.0,631.0,Delhi,Basic
33.0,32672.0,681.0,Chennai,Basic
29.0,49709.0,691.0,Delhi,Basic
29.0,28915.0,597.0,Delhi,Premium
34.0,49369.0,667.0,Mumbai,Basic
33.0,47635.0,685.0,Delhi,Premium
24.0,39256.0,661.0,Chennai,Premium
30.0,33876.0,729.0,Chennai,Basic
30.0,38189.0,711.0,Chennai,Basic
24.0,43782.0,609.0,Mumbai,Premium
32.0,45944.0,656.0,Chennai,Basic
25.0,42295.0,608.0,Chennai,Premium
36.0,47937.0,679.0,Mumbai,Basic
31.0,35541.0,607.0,Chennai,Basic
31.0,41877.0,696.0,Delhi,Basic
26.0,27453.0,669.0,Mumbai,Basic
29.0,46109.0,699.0,Mumbai,Basic
18.0,41225.0,643.0,Chennai,Premium
23.0,36675.0,577.0,Delhi,Basic
32.0,49292.0,738.0,Chennai,Premium
17.0,45532.0,641.0,Delhi,Basic
35.0,17469.0,719.0,Chennai,Basic
20.0,40319.0,672.0,Chennai,Premium
35.0,28360.0,684.0,Chennai,Premium
25.0,48533.0,741.0,Chennai,Basic
35.0,59913.0,667.0,Mumbai,Premium
31.0,35852.0,720.0,Chennai,Basic
21.0,40597.0,576.0,Delhi,Basic
37.0,37992.0,694.0,Chennai,Basic
39.0,42807.0,638.0,Chennai,Premium
30.0,45156.0,643.0,Chennai,Basic
28.0,50298.0,650.0,Chennai,Basic
29.0,32101.0,667.0,Mumbai,Basic
24.0,52573.0,733.0,Chennai,Basic
37.0,32548.0,557.0,Delhi,Basic
27.0,42217.0,652.0,Chennai,Premium
30.0,49269.0,614.0,Chennai,Premium
25.0,45706.0,708.0,Chennai,Basic
26.0,32491.0,629.0,Mumbai,Basic
22.0,34385.0,673.0,Chennai,Premium
38.0,36301.0,630.0,Chennai,Basic
29.0,39591.0,683.0,Mumbai,Premium
36.0,49176.0,701.0,Chennai,Basic
30.0,29666.0,630.0,Chennai,Premium
26.0,43734.0,652.0,Chennai,Basic
28.0,44880.0,579.0,Mumbai,Premium
27.0,44466.0,665.0,Chennai,Basic
30.0,43730.0,693.0,Mumbai,Basic
28.0,52147.0,622.0,Chennai,Basic
28.0,43902.0,706.0,Delhi,Basic
22.0,46856.0,546.0,Mumbai,Basic
25.0,44508.0,557.0,Delhi,Premium
40.0,54345.0,581.0,Delhi,Basic
26.0,24802.0,626.0,Delhi,Basic
24.0,50257.0,651.0,Chennai,Basic
32.0,37912.0,646.0,Mumbai,Basic
38.0,37754.0,647.0,Delhi,Basic
21.0,32244.0,686.0,Delhi,Premium
29.0,25050.0,626.0,Delhi,Premium
26.0,36945.0,587.0,Mumbai,Basic
19.0,34502.0,588.0,Chennai,Basic
34.0,43953.0,756.0,Chennai,Basic
30.0,28222.0,532.0,Mumbai,Basic
30.0,51453.0,641.0,Delhi,Basic
25.0,42175.0,723.0,Delhi,Premium
33.0,38017.0,674.0,Delhi,Basic
27.0,34325.0,609.0,Mumbai,Basic
29.0,33702.0,650.0,Mumbai,Basic
23.0,30959.0,693.0,Mumbai,Premium
23.0,35645.0,710.0,Chennai,Basic
38.0,40048.0,605.0,Mumbai,Basic
27.0,38581.0,688.0,Chennai,Premium
32.0,28684.0,663.0,Mumbai,Premium
30.0,37873.0,705.0,Chennai,Basic
27.0,32855.0,720.0,Mumbai,Basic
27.0,41279.0,633.0,Delhi,Basic
34.0,54917.0,578.0,Chennai,Basic
28.0,45000.0,670.0,Mumbai,Premium
29.0,37495.0,739.0,Delhi,Basic
30.0,27001.0,684.0,Chennai,Premium
37.0,28682.0,662.0,Mumbai,Premium
34.0,26506.0,770.0,Delhi,Premium
32.0,45808.0,598.0,Delhi,Basic
27.0,33879.0,695.0,Mumbai,Basic
22.0,40501.0,621.0,Chennai,Basic
36.0,35024.0,652.0,Chennai,Basic
36.0,40730.0,654.0,Mumbai,Premium
29.0,51213.0,726.0,Chennai,Premium
33.0,34520.0,603.0,Mumbai,Basic
35.0,37272.0,623.0,Chennai,Premium
35.0,33549.0,570.0,Mumbai,Basic
36.0,46997.0,674.0,Delhi,Premium
27.0,31794.0,627.0,Delhi,Basic
39.0,30936.0,671.0,Delhi,Premium
23.0,28899.0,596.0,Chennai,Basic
35.0,28732.0,632.0,Delhi,Basic
33.0,43767.0,702.0,Delhi,Basic
35.0,60553.0,641.0,Chennai,Basic
41.0,32037.0,681.0,Mumbai,Basic
39.0,47612.0,676.0,Mumbai,Premium
23.0,42009.0,632.0,Chennai,Premium
20.0,31184.0,572.0,Chennai,Basic
35.0,37786.0,699.0,Chennai,Basic
24.0,38137.0,659.0,Mumbai,Premium
30.0,34474.0,699.0,Delhi,Premium
35.0,55445.0,549.0,Chennai,Basic
20.0,24751.0,567.0,Mumbai,Basic
17.0,43048.0,543.0,Chennai,Basic
32.0,42652.0,606.0,Mumbai,Basic
30.0,35363.0,702.0,Mumbai,Premium
29.0,41196.0,678.0,Chennai,Basic
30.0,47021.0,648.0,Delhi,Basic
25.0,41222.0,657.0,Delhi,Basic
21.0,43339.0,688.0,Mumbai,Basic
29.0,45543.0,635.0,Chennai,Basic
24.0,23744.0,670.0,Delhi,Basic
20.0,51827.0,657.0,Mumbai,Basic
33.0,58226.0,541.0,Chennai,Basic
30.0,47846.0,631.0,Mumbai,Basic
32.0,48109.0,718.0,Chennai,Basic
24.0,28734.0,630.0,Chennai,Basic
26.0,39053.0,643.0,Mumbai,Basic
24.0,33504.0,620.0,Chennai,Premium
25.0,35302.0,626.0,Chennai,Basic
31.0,47736.0,706.0,Chennai,Premium
25.0,33569.0,637.0,Delhi,Basic
32.0,38959.0,599.0,Delhi,Basic
32.0,24731.0,494.0,Chennai,Basic
42.0,38733.0,621.0,Delhi,Basic
22.0,40720.0,552.0,Chennai,Basic
35.0,34362.0,559.0,Mumbai,Basic
29.0,34241.0,690.0,Chennai,Basic
30.0,55091.0,685.0,Delhi,Basic
21.0,30322.0,554.0,Mumbai,Basic
27.0,31595.0,693.0,Chennai,Basic
34.0,33528.0,673.0,Mumbai,Premium
30.0,49591.0,611.0,Delhi,Basic
30.0,56812.0,687.0,Delhi,Basic
28.0,42657.0,569.0,Chennai,Premium
37.0,34261.0,590.0,Delhi,Basic
30.0,36578.0,578.0,Mumbai,Premium
17.0,48518.0,594.0,Delhi,Premium
26.0,32711.0,694.0,Mumbai,Premium
18.0,51624.0,583.0,Delhi,Premium
10.0,51333.0,592.0,Chennai,Basic
27.0,40562.0,602.0,Mumbai,Basic
38.0,45169.0,660.0,Delhi,Basic
30.0,45998.0,633.0,Delhi,Basic
23.0,52434.0,693.0,Delhi,Basic
24.0,31588.0,614.0,Chennai,Basic
37.0,49450.0,586.0,Chennai,Premium
31.0,36998.0,625.0,Chennai,Premium
30.0,33858.0,652.0,Delhi,Premium
30.0,40821.0,603.0,Mumbai,Basic
30.0,38285.0,664.0,Delhi,Premium
35.0,32100.0,741.0,Mumbai,Basic
33.0,27221.0,621.0,Chennai,Basic
31.0,32463.0,652.0,Chennai,Basic
24.0,51619.0,717.0,Delhi,Premium
33.0,55701.0,617.0,Chennai,Basic
26.0,45201.0,607.0,Chennai,Basic
37.0,49487.0,595.0,Chennai,Basic
22.0,35865.0,669.0,Chennai,Basic
29.0,39383.0,675.0,Delhi,Premium
30.0,42262.0,642.0,Delhi,Basic
22.0,31350.0,651.0,Mumbai,Premium
40.0,32080.0,713.0,Mumbai,Premium
39.0,40777.0,692.0,Chennai,Premium
27.0,37438.0,579.0,Mumbai,Premium
35.0,31492.0,649.0,Mumbai,Basic
32.0,43092.0,654.0,Delhi,Basic
14.0,37894.0,685.0,Mumbai,Basic
32.0,48171.0,638.0,Delhi,Basic
30.0,39959.0,617.0,Chennai,Premium
30.0,37598.0,626.0,Chennai,Basic
24.0,41021.0,560.0,Chennai,Basic
28.0,38624.0,647.0,Delhi,Basic
29.0,34656.0,619.0,Delhi,Basic
37.0,36784.0,672.0,Delhi,Basic
32.0,45995.0,597.0,Chennai,Premium
30.0,45172.0,627.0,Chennai,Basic
39.0,50290.0,600.0,Delhi,Basic
27.0,26456.0,595.0,Delhi,Basic
28.0,36855.0,683.0,Delhi,Basic
19.0,36683.0,625.0,Chennai,Premium
39.0,41374.0,671.0,Chennai,Premium
36.0,36383.0,592.0,Mumbai,Basic
36.0,35895.0,653.0,Mumbai,Premium
34.0,46264.0,564.0,Chennai,Premium
31.0,41425.0,624.0,Mumbai,Basic
31.0,30669.0,623.0,Chennai,Basic
28.0,50676.0,677.0,Chennai,Premium
29.0,47974.0,657.0,Delhi,Basic
30.0,35408.0,639.0,Mumbai,Premium
39.0,46650.0,690.0,Delhi,Basic
33.0,34119.0,657.0,Delhi,Premium
30.0,49006.0,675.0,Mumbai,Basic
27.0,38257.0,686.0,Chennai,Basic
26.0,33577.0,645.0,Chennai,Basic
40.0,37015.0,633.0,Delhi,Basic
33.0,33873.0,664.0,Delhi,Basic
30.0,41537.0,627.0,Chennai,Premium
28.0,41401.0,667.0,Chennai,Premium
23.0,40286.0,703.0,Mumbai,Premium
30.0,35547.0,690.0,Mumbai,Basic
35.0,10711.0,629.0,Mumbai,Basic
28.0,40743.0,584.0,Chennai,Basic
29.0,24830.0,645.0,Delhi,Premium
29.0,41954.0,641.0,Mumbai,Premium
31.0,49046.0,703.0,Mumbai,Basic
20.0,42191.0,629.0,Chennai,Basic
29.0,36885.0,637.0,Mumbai,Premium
25.0,38561.0,684.0,Delhi,Basic
35.0,38935.0,624.0,Chennai,Basic
25.0,35606.0,640.0,Delhi,Premium
33.0,35330.0,733.0,Chennai,Basic
39.0,32609.0,722.0,Delhi,Basic
28.0,49505.0,679.0,Delhi,Basic
26.0,39876.0,661.0,Mumbai,Basic
31.0,47650.0,599.0,Chennai,Basic
30.0,38000.0,676.0,Delhi,Premium
24.0,40577.0,651.0,Delhi,Basic
33.0,38637.0,659.0,Delhi,Basic
42.0,43703.0,622.0,Delhi,Basic
28.0,46613.0,647.0,Delhi,Basic
29.0,41918.0,638.0,Delhi,Basic
24.0,34609.0,663.0,Delhi,Basic
32.0,33760.0,719.0,Mumbai,Basic
23.0,53273.0,666.0,Chennai,Basic
23.0,37760.0,565.0,Mumbai,Basic
38.0,37671.0,599.0,Mumbai,Premium
25.0,51720.0,569.0,Chennai,Basic
36.0,48703.0,608.0,Mumbai,Premium
39.0,44271.0,676.0,Chennai,Basic
32.0,36805.0,668.0,Delhi,Basic
33.0,58826.0,618.0,Delhi,Basic
42.0,43144.0,661.0,Mumbai,Premium
29.0,44376.0,610.0,Delhi,Basic
26.0,38631.0,577.0,Delhi,Premium
22.0,28686.0,577.0,Chennai,Basic
30.0,29322.0,605.0,Chennai,Basic
39.0,43256.0,718.0,Delhi,Basic
36.0,43135.0,581.0,Mumbai,Basic
24.0,38080.0,710.0,Chennai,Basic
25.0,30627.0,714.0,Mumbai,Basic
27.0,28467.0,638.0,Chennai,Basic
32.0,37377.0,645.0,Delhi,Premium
29.0,28351.0,617.0,Chennai,Basic
31.0,47191.0,646.0,Delhi,Premium
32.0,49221.0,680.0,Delhi,Basic
28.0,62632.0,648.0,Mumbai,Premium
30.0,47027.0,697.0,Chennai,Basic
31.0,35257.0,707.0,Chennai,Premium
29.0,33027.0,665.0,Delhi,Basic
33.0,12386.0,664.0,Chennai,Basic
41.0,35241.0,644.0,Mumbai,Basic
34.0,38584.0,665.0,Delhi,Basic
30.0,47742.0,592.0,Mumbai,Basic
20.0,44893.0,668.0,Chennai,Premium
32.0,44707.0,658.0,Mumbai,Premium
18.0,41709.0,604.0,Chennai,Basic
22.0,45287.0,755.0,Chennai,Basic
35.0,51581.0,599.0,Delhi,Basic
34.0,31481.0,604.0,Delhi,Basic
29.0,36342.0,661.0,Delhi,Basic
20.0,28892.0,551.0,Delhi,Basic
28.0,52949.0,608.0,Chennai,Premium
26.0,50375.0,571.0,Delhi,Premium
34.0,46018.0,599.0,Chennai,Basic
44.0,30412.0,641.0,Chennai,Basic
31.0,41384.0,663.0,Mumbai,Premium
25.0,38123.0,702.0,Delhi,Premium
23.0,40647.0,688.0,Mumbai,Basic
30.0,38495.0,706.0,Mumbai,Basic
29.0,44160.0,677.0,Mumbai,Basic
23.0,36841.0,624.0,Chennai,Basic
31.0,46837.0,703.0,Mumbai,Basic
23.0,41931.0,623.0,Delhi,Premium
37.0,37655.0,617.0,Delhi,Basic
36.0,39105.0,724.0,Chennai,Basic
37.0,36475.0,687.0,Chennai,Basic
27.0,46511.0,658.0,Delhi,Premium
33.0,37828.0,685.0,Chennai,Basic
29.0,42359.0,691.0,Mumbai,Basic
28.0,36861.0,579.0,Chennai,Premium
28.0,28119.0,643.0,Delhi,Basic
22.0,47249.0,588.0,Mumbai,Premium
21.0,31535.0,653.0,Delhi,Basic
35.0,45433.0,614.0,Chennai,Basic
29.0,43361.0,715.0,Delhi,Basic
31.0,26752.0,673.0,Chennai,Basic
36.0,32443.0,607.0,Mumbai,Basic
20.0,35887.0,646.0,Mumbai,Basic
25.0,33434.0,587.0,Delhi,Basic
31.0,30543.0,649.0,Mumbai,Premium
32.0,45921.0,675.0,Chennai,Premium
28.0,38084.0,660.0,Mumbai,Premium
36.0,43086.0,551.0,Mumbai,Premium
31.0,36556.0,630.0,Mumbai,Premium
23.0,42443.0,673.0,Mumbai,Premium
24.0,33991.0,662.0,Delhi,Basic
35.0,39788.0,705.0,Mumbai,Premium
33.0,44655.0,583.0,Delhi,Basic
19.0,40361.0,673.0,Chennai,Basic
38.0,36343.0,615.0,Delhi,Premium
34.0,31307.0,657.0,Mumbai,Basic
38.0,41341.0,667.0,Delhi,Premium
28.0,42760.0,681.0,Mumbai,Premium
28.0,37933.0,618.0,Chennai,Basic
23.0,33845.0,656.0,Mumbai,Basic
45.0,44341.0,589.0,Mumbai,Premium
29.0,59854.0,577.0,Delhi,Basic
40.0,37580.0,675.0,Mumbai,Basic
26.0,42694.0,644.0,Chennai,Basic
31.0,43019.0,566.0,Chennai,Basic
20.0,19468.0,605.0,Chennai,Basic
28.0,40991.0,648.0,Delhi,Basic
36.0,34348.0,725.0,Mumbai,Premium
22.0,51078.0,699.0,Mumbai,Basic
36.0,37968.0,687.0,Chennai,Basic
32.0,33780.0,558.0,Mumbai,Basic
24.0,38252.0,642.0,Delhi,Basic
27.0,41332.0,671.0,Chennai,Basic
27.0,35521.0,667.0,Mumbai,Premium
30.0,39579.0,668.0,Delhi,Basic
27.0,29167.0,635.0,Chennai,Basic
25.0,38198.0,735.0,Chennai,Basic
28.0,46205.0,721.0,Delhi,Premium
24.0,55753.0,642.0,Mumbai,Basic
22.0,45652.0,598.0,Chennai,Basic
30.0,42175.0,750.0,Delhi,Basic
35.0,49470.0,619.0,Chennai,Basic
21.0,48153.0,707.0,Mumbai,Basic
30.0,53311.0,743.0,Chennai,Basic
26.0,48661.0,600.0,Mumbai,Basic
24.0,39057.0,662.0,Delhi,Basic
35.0,42068.0,630.0,Mumbai,Premium
27.0,41433.0,673.0,Delhi,Basic
39.0,42417.0,663.0,Delhi,Basic
25.0,41603.0,744.0,Delhi,Basic
32.0,33741.0,677.0,Chennai,Basic
29.0,23171.0,647.0,Chennai,Basic
25.0,34627.0,703.0,Chennai,Basic
34.0,23792.0,633.0,Chennai,Basic
29.0,40544.0,629.0,Delhi,Basic
34.0,40036.0,759.0,Delhi,Basic
30.0,26595.0,606.0,Delhi,Premium
23.0,45505.0,623.0,Delhi,Basic
29.0,46935.0,649.0,Mumbai,Basic
30.0,40767.0,594.0,Mumbai,Basic
36.0,53341.0,542.0,Chennai,Basic
25.0,54973.0,700.0,Delhi,Basic
30.0,30352.0,608.0,Mumbai,Basic
20.0,48294.0,620.0,Chennai,Basic
34.0,43527.0,628.0,Mumbai,Premium
24.0,43347.0,598.0,Delhi,Basic
19.0,47476.0,593.0,Delhi,Premium
30.0,34247.0,655.0,Delhi,Basic
37.0,35261.0,767.0,Mumbai,Basic
21.0,33387.0,684.0,Chennai,Premium
23.0,33961.0,684.0,Mumbai,Premium
26.0,39212.0,572.0,Delhi,Premium
23.0,28385.0,646.0,Chennai,Basic
32.0,31634.0,588.0,Delhi,Basic
25.0,44620.0,686.0,Delhi,Basic
26.0,39432.0,636.0,Mumbai,Basic
33.0,43064.0,649.0,Delhi,Basic
25.0,24886.0,643.0,Delhi,Basic
33.0,33729.0,618.0,Chennai,Premium
24.0,35557.0,571.0,Delhi,Premium
23.0,40260.0,676.0,Chennai,Premium
19.0,35310.0,578.0,Delhi,Basic
41.0,47466.0,588.0,Mumbai,Premium
28.0,39534.0,632.0,Delhi,Basic
31.0,40136.0,612.0,Chennai,Basic
30.0,40108.0,660.0,Chennai,Basic
31.0,45664.0,698.0,Mumbai,Basic
30.0,36227.0,659.0,Chennai,Basic
41.0,48979.0,657.0,Delhi,Premium
24.0,43680.0,648.0,Mumbai,Premium
21.0,41232.0,690.0,Mumbai,Basic
24.0,40334.0,555.0,Delhi,Basic
22.0,44162.0,665.0,Mumbai,Premium
34.0,48123.0,600.0,Delhi,Basic
35.0,47564.0,585.0,Mumbai,Basic
24.0,43007.0,647.0,Delhi,Basic
22.0,47014.0,628.0,Chennai,Basic
28.0,40947.0,676.0,Mumbai,Basic
38.0,50020.0,702.0,Chennai,Premium
13.0,39787.0,531.0,Mumbai,Basic
33.0,23399.0,643.0,Chennai,Basic
24.0,50703.0,745.0,Mumbai,Premium
36.0,40863.0,690.0,Chennai,Basic
24.0,30631.0,719.0,Delhi,Basic
28.0,38414.0,652.0,Chennai,Premium
21.0,32929.0,575.0,Mumbai,Basic
24.0,56802.0,591.0,Chennai,Premium
38.0,43981.0,683.0,Mumbai,Basic
35.0,27450.0,695.0,Mumbai,Basic
28.0,44369.0,610.0,Chennai,Basic
25.0,36810.0,634.0,Mumbai,Premium
19.0,55334.0,660.0,Chennai,Basic
28.0,31578.0,560.0,Mumbai,Premium
30.0,22024.0,630.0,Mumbai,Basic
29.0,40527.0,728.0,Chennai,Premium
29.0,37216.0,756.0,Mumbai,Basic
23.0,36667.0,642.0,Delhi,Premium
30.0,22870.0,739.0,Chennai,Premium
30.0,43414.0,621.0,Mumbai,Premium
38.0,53387.0,607.0,Chennai,Basic
41.0,24728.0,535.0,Chennai,Premium
29.0,49370.0,695.0,Chennai,Premium
25.0,35450.0,628.0,Mumbai,Basic
30.0,58792.0,764.0,Mumbai,Premium
26.0,43488.0,664.0,Delhi,Basic
26.0,38497.0,656.0,Delhi,Basic
30.0,48843.0,557.0,Delhi,Basic
24.0,44208.0,722.0,Mumbai,Basic
34.0,35260.0,629.0,Chennai,Basic
29.0,45682.0,639.0,Mumbai,Basic
32.0,35914.0,537.0,Mumbai,Basic
29.0,25692.0,693.0,Delhi,Premium
26.0,56253.0,697.0,Delhi,Basic
24.0,37203.0,617.0,Mumbai,Basic
29.0,35128.0,652.0,Delhi,Basic
27.0,42710.0,667.0,Chennai,Basic
31.0,27523.0,695.0,Mumbai,Basic
30.0,29171.0,652.0,Delhi,Basic
22.0,36003.0,733.0,Delhi,Basic
30.0,35842.0,635.0,Chennai,Basic
22.0,40575.0,617.0,Delhi,Basic
26.0,48980.0,624.0,Chennai,Basic
28.0,36208.0,520.0,Mumbai,Basic
18.0,43942.0,607.0,Delhi,Premium
31.0,44812.0,698.0,Mumbai,Basic
31.0,31327.0,660.0,Delhi,Basic
29.0,41828.0,606.0,Mumbai,Basic
27.0,32459.0,665.0,Delhi,Basic
28.0,48511.0,546.0,Delhi,Basic
24.0,43641.0,633.0,Chennai,Basic
28.0,40132.0,673.0,Delhi,Premium
27.0,29282.0,682.0,Delhi,Premium
31.0,40928.0,609.0,Chennai,Basic
23.0,33864.0,693.0,Delhi,Basic
31.0,45648.0,741.0,Mumbai,Basic
31.0,39045.0,626.0,Chennai,Premium
29.0,33501.0,684.0,Delhi,Basic
27.0,47404.0,569.0,Mumbai,Premium
33.0,45772.0,549.0,Delhi,Basic
20.0,35254.0,678.0,Chennai,Basic
33.0,49296.0,649.0,Delhi,Premium
31.0,37613.0,657.0,Delhi,Basic
32.0,37527.0,618.0,Mumbai,Premium
32.0,40990.0,633.0,Delhi,Premium
26.0,33979.0,688.0,Mumbai,Premium
28.0,36467.0,733.0,Chennai,Basic
34.0,38716.0,637.0,Mumbai,Premium
33.0,52242.0,565.0,Mumbai,Basic
31.0,51997.0,711.0,Chennai,Basic
21.0,37929.0,678.0,Delhi,Basic
33.0,52884.0,682.0,Mumbai,Premium
37.0,39654.0,657.0,Delhi,Basic
36.0,43045.0,764.0,Mumbai,Basic
31.0,47069.0,651.0,Chennai,Basic
21.0,42336.0,673.0,Delhi,Basic
36.0,59321.0,555.0,Delhi,Basic
29.0,41947.0,618.0,Chennai,Basic
15.0,30419.0,613.0,Mumbai,Basic
32.0,50444.0,646.0,Delhi,Premium
21.0,36703.0,665.0,Delhi,Basic
22.0,37566.0,610.0,Mumbai,Premium
26.0,16067.0,734.0,Mumbai,Basic
38.0,48008.0,594.0,Chennai,Basic
28.0,46548.0,625.0,Chennai,Basic
32.0,46392.0,659.0,Mumbai,Basic
40.0,47827.0,585.0,Delhi,Basic
40.0,53528.0,676.0,Chennai,Premium
29.0,39632.0,679.0,Chennai,Basic
29.0,47501.0,633.0,Delhi,Basic
22.0,34049.0,743.0,Chennai,Basic
26.0,37170.0,652.0,Mumbai,Premium
33.0,48454.0,662.0,Chennai,Basic
32.0,43129.0,599.0,Mumbai,Basic
31.0,29333.0,564.0,Mumbai,Basic
36.0,42891.0,616.0,Delhi,Premium
25.0,38537.0,631.0,Delhi,Basic
30.0,33451.0,625.0,Delhi,Basic
34.0,43474.0,686.0,Chennai,Basic
34.0,36764.0,528.0,Delhi,Basic
36.0,27436.0,591.0,Chennai,Basic
32.0,31111.0,556.0,Chennai,Basic
28.0,54153.0,715.0,Mumbai,Basic
32.0,27881.0,619.0,Mumbai,Premium
24.0,41782.0,622.0,Mumbai,Basic
20.0,44880.0,592.0,Chennai,Basic
33.0,45114.0,692.0,Delhi,Basic
30.0,30196.0,627.0,Mumbai,Basic
32.0,37428.0,659.0,Delhi,Basic
20.0,41127.0,546.0,Chennai,Basic
28.0,46402.0,706.0,Mumbai,Premium
26.0,34840.0,667.0,Chennai,Basic
25.0,30692.0,675.0,Delhi,Basic
16.0,48021.0,709.0,Chennai,Basic
28.0,48841.0,638.0,Delhi,Basic
35.0,42961.0,639.0,Delhi,Basic
32.0,35130.0,683.0,Delhi,Basic
26.0,43254.0,669.0,Mumbai,Premium
30.0,40874.0,635.0,Mumbai,Basic
35.0,46701.0,650.0,Mumbai,Basic
13.0,30007.0,622.0,Mumbai,Basic
29.0,40930.0,683.0,Delhi,Basic
33.0,38727.0,694.0,Chennai,Basic
34.0,31123.0,648.0,Mumbai,Basic
40.0,41725.0,742.0,Chennai,Premium
37.0,40279.0,571.0,Delhi,Basic
32.0,36717.0,636.0,Delhi,Basic
32.0,43168.0,733.0,Chennai,Basic
35.0,28650.0,626.0,Chennai,Premium
27.0,39571.0,567.0,Delhi,Basic
30.0,43451.0,717.0,Mumbai,Basic
35.0,42272.0,675.0,Chennai,Basic
42.0,48611.0,588.0,Delhi,Basic
29.0,30391.0,686.0,Mumbai,Basic
30.0,27937.0,596.0,Delhi,Basic
31.0,41913.0,580.0,Delhi,Basic
38.0,43641.0,640.0,Delhi,Premium
30.0,56959.0,624.0,Mumbai,Premium
39.0,44933.0,593.0,Mumbai,Premium
24.0,33008.0,629.0,Delhi,Basic
29.0,46448.0,597.0,Delhi,Premium
29.0,33235.0,651.0,Chennai,Basic
35.0,28113.0,646.0,Chennai,Premium
36.0,60873.0,685.0,Mumbai,Basic
21.0,42607.0,625.0,Chennai,Premium
25.0,45720.0,581.0,Delhi,Basic
32.0,44508.0,581.0,Mumbai,Basic
26.0,54497.0,635.0,Chennai,Basic
21.0,42273.0,725.0,Delhi,Basic
36.0,49742.0,690.0,Chennai,Basic
33.0,31782.0,615.0,Delhi,Basic
33.0,28863.0,695.0,Mumbai,Basic
27.0,51412.0,589.0,Mumbai,Basic
36.0,51799.0,698.0,Mumbai,Basic
29.0,44086.0,628.0,Delhi,Basic
37.0,41809.0,686.0,Delhi,Basic
25.0,41329.0,679.0,Chennai,Basic
25.0,34495.0,634.0,Chennai,Premium
31.0,52309.0,664.0,Mumbai,Premium
26.0,45271.0,594.0,Chennai,Premium
34.0,44047.0,644.0,Mumbai,Premium
32.0,43009.0,702.0,Chennai,Basic
24.0,48383.0,853.0,Mumbai,Basic
30.0,44040.0,683.0,Delhi,Basic
28.0,45963.0,652.0,Delhi,Basic
35.0,30649.0,597.0,Mumbai,Premium
26.0,44080.0,701.0,Chennai,Basic
27.0,57498.0,565.0,Mumbai,Basic
37.0,35852.0,607.0,Mumbai,Basic
43.0,38969.0,666.0,Delhi,Basic
42.0,47136.0,587.0,Delhi,Basic
30.0,47658.0,725.0,Chennai,Premium
31.0,44995.0,702.0,Mumbai,Basic
39.0,27059.0,619.0,Chennai,Basic
29.0,44014.0,620.0,Chennai,Basic
24.0,30531.0,582.0,Delhi,Premium
31.0,33402.0,577.0,Mumbai,Premium
33.0,44384.0,670.0,Mumbai,Premium
25.0,37633.0,679.0,Delhi,Premium
20.0,46477.0,665.0,Chennai,Premium
21.0,65185.0,661.0,Mumbai,Basic
34.0,46217.0,620.0,Delhi,Premium
25.0,45783.0,666.0,Mumbai,Premium
29.0,32834.0,574.0,Mumbai,Basic
31.0,34856.0,648.0,Mumbai,Premium
34.0,31491.0,722.0,Mumbai,Basic
28.0,35739.0,714.0,Delhi,Basic
33.0,31266.0,624.0,Mumbai,Basic
25.0,34722.0,631.0,Delhi,Basic
28.0,38330.0,717.0,Chennai,Basic
24.0,31995.0,737.0,Delhi,Premium
37.0,28647.0,573.0,Mumbai,Premium
30.0,29108.0,626.0,Delhi,Basic
26.0,43631.0,659.0,Chennai,Basic
28.0,40478.0,709.0,Chennai,Basic
29.0,48208.0,606.0,Mumbai,Premium
34.0,48356.0,680.0,Chennai,Basic
20.0,37275.0,633.0,Chennai,Premium
24.0,45360.0,767.0,Mumbai,Basic
28.0,28476.0,669.0,Mumbai,Premium
45.0,58264.0,641.0,Mumbai,Premium
36.0,49563.0,631.0,Mumbai,Premium
29.0,38280.0,701.0,Mumbai,Basic
34.0,30694.0,682.0,Delhi,Premium
42.0,43040.0,593.0,Delhi,Basic
29.0,25039.0,659.0,Mumbai,Premium
28.0,33766.0,581.0,Chennai,Premium
37.0,45990.0,610.0,Chennai,Basic
33.0,40604.0,583.0,Delhi,Basic
34.0,36072.0,581.0,Delhi,Basic
27.0,47606.0,613.0,Mumbai,Basic
42.0,31691.0,599.0,Delhi,Basic
40.0,42278.0,674.0,Delhi,Basic
33.0,36017.0,688.0,Chennai,Basic
34.0,33221.0,636.0,Chennai,Premium
18.0,43707.0,592.0,Chennai,Premium
34.0,32057.0,688.0,Delhi,Basic
29.0,55216.0,546.0,Mumbai,Basic
33.0,35322.0,551.0,Chennai,Basic
34.0,55919.0,684.0,Chennai,Premium
28.0,31248.0,681.0,Delhi,Basic
20.0,44848.0,697.0,Chennai,Premium
32.0,30403.0,637.0,Chennai,Premium
26.0,29271.0,584.0,Mumbai,Basic
28.0,41278.0,622.0,Chennai,Basic
26.0,45420.0,676.0,Delhi,Premium
28.0,29806.0,609.0,Mumbai,Premium
16.0,49473.0,613.0,Mumbai,Premium
37.0,33619.0,578.0,Mumbai,Basic
32.0,41050.0,589.0,Delhi,Premium
37.0,43038.0,690.0,Chennai,Basic
42.0,44757.0,671.0,Chennai,Premium
30.0,25618.0,589.0,Delhi,Premium
19.0,52949.0,594.0,Delhi,Basic
25.0,44494.0,620.0,Chennai,Basic
23.0,36595.0,675.0,Chennai,Basic
27.0,31807.0,589.0,Chennai,Premium
30.0,26447.0,639.0,Chennai,Basic
18.0,29109.0,540.0,Chennai,Basic
32.0,44360.0,585.0,Chennai,Basic
21.0,37271.0,669.0,Mumbai,Basic
32.0,30948.0,693.0,Delhi,Basic
29.0,35785.0,590.0,Mumbai,Basic
28.0,52513.0,609.0,Delhi,Basic
30.0,37355.0,688.0,Chennai,Basic
27.0,35324.0,628.0,Mumbai,Basic
26.0,50805.0,621.0,Delhi,Basic
20.0,43695.0,674.0,Mumbai,Basic
30.0,40354.0,658.0,Chennai,Basic
41.0,35138.0,704.0,Mumbai,Basic
42.0,27581.0,688.0,Delhi,Basic
38.0,30636.0,619.0,Chennai,Basic
34.0,36156.0,642.0,Chennai,Premium
26.0,38243.0,645.0,Chennai,Premium
39.0,42850.0,580.0,Chennai,Premium
30.0,44414.0,599.0,Chennai,Basic
30.0,41783.0,697.0,Chennai,Premium
28.0,41763.0,568.0,Delhi,Premium
31.0,31940.0,698.0,Chennai,Premium
27.0,22762.0,662.0,Chennai,Premium
29.0,35833.0,641.0,Chennai,Basic
23.0,32367.0,675.0,Chennai,Basic
28.0,34779.0,672.0,Chennai,Basic
44.0,37804.0,709.0,Chennai,Basic
30.0,30051.0,628.0,Delhi,Basic
29.0,31116.0,636.0,Chennai,Basic
33.0,39197.0,636.0,Mumbai,Premium
34.0,40926.0,742.0,Mumbai,Basic
23.0,34752.0,695.0,Delhi,Premium
29.0,43986.0,602.0,Chennai,Basic
36.0,38244.0,631.0,Chennai,Premium
32.0,31841.0,612.0,Delhi,Premium
31.0,40326.0,649.0,Mumbai,Basic
39.0,55059.0,659.0,Mumbai,Basic
26.0,34601.0,763.0,Mumbai,Basic
30.0,49329.0,556.0,Mumbai,Basic
27.0,51022.0,700.0,Chennai,Basic
39.0,51985.0,670.0,Delhi,Basic
18.0,33419.0,613.0,Delhi,Basic
26.0,56123.0,640.0,Chennai,Premium
27.0,40931.0,623.0,Delhi,Basic
34.0,37970.0,651.0,Delhi,Premium
34.0,38157.0,699.0,Mumbai,Basic
38.0,44813.0,572.0,Chennai,Basic
21.0,40409.0,714.0,Chennai,Basic
35.0,38585.0,629.0,Chennai,Basic
28.0,50269.0,723.0,Chennai,Basic
26.0,34218.0,669.0,Chennai,Basic
33.0,31655.0,710.0,Chennai,Basic
24.0,46345.0,676.0,Mumbai,Premium
18.0,45629.0,703.0,Chennai,Basic
28.0,48752.0,651.0,Delhi,Premium
21.0,31422.0,606.0,Chennai,Basic
26.0,48651.0,682.0,Chennai,Premium
32.0,43856.0,684.0,Chennai,Basic
32.0,54101.0,753.0,Delhi,Premium
40.0,30014.0,548.0,Chennai,Basic
29.0,41746.0,638.0,Chennai,Basic
21.0,37779.0,701.0,Delhi,Basic
25.0,27282.0,585.0,Chennai,Basic
24.0,34281.0,637.0,Mumbai,Basic
23.0,49017.0,754.0,Chennai,Basic
33.0,36248.0,719.0,Delhi,Basic
26.0,34219.0,604.0,Mumbai,Premium
18.0,46946.0,720.0,Chennai,Basic
34.0,47911.0,708.0,Chennai,Premium
29.0,47894.0,687.0,Delhi,Basic
32.0,33682.0,667.0,Delhi,Basic
31.0,39536.0,660.0,Chennai,Basic
34.0,48245.0,605.0,Chennai,Basic
30.0,34752.0,623.0,Delhi,Basic
37.0,34005.0,685.0,Delhi,Premium
33.0,46626.0,655.0,Chennai,Basic
32.0,52499.0,741.0,Delhi,Basic
32.0,30783.0,632.0,Mumbai,Basic
21.0,19219.0,528.0,Delhi,Premium
29.0,28397.0,632.0,Chennai,Basic
28.0,31900.0,662.0,Delhi,Basic
31.0,38899.0,668.0,Delhi,Premium
22.0,44927.0,652.0,Chennai,Basic
40.0,38828.0,607.0,Mumbai,Basic
31.0,34397.0,723.0,Chennai,Basic
23.0,41227.0,615.0,Mumbai,Premium
20.0,32305.0,684.0,Delhi,Basic
28.0,39625.0,634.0,Mumbai,Premium
29.0,34867.0,589.0,Delhi,Basic
26.0,61443.0,719.0,Mumbai,Basic
31.0,46534.0,523.0,Delhi,Premium
26.0,33320.0,606.0,Chennai,Basic
33.0,32025.0,670.0,Mumbai,Basic
26.0,36495.0,631.0,Mumbai,Premium
30.0,26841.0,686.0,Delhi,Basic
36.0,34156.0,644.0,Mumbai,Premium
45.0,34094.0,626.0,Mumbai,Basic
24.0,47071.0,757.0,Mumbai,Premium
27.0,36587.0,638.0,Chennai,Basic
25.0,33676.0,641.0,Mumbai,Basic
35.0,29276.0,595.0,Mumbai,Premium
23.0,30587.0,611.0,Mumbai,Basic
27.0,39469.0,681.0,Chennai,Basic
30.0,38279.0,677.0,Delhi,Basic
24.0,49074.0,649.0,Mumbai,Basic
24.0,34967.0,614.0,Delhi,Basic
27.0,48473.0,683.0,Chennai,Premium
17.0,42057.0,564.0,Chennai,Basic
21.0,39963.0,632.0,Mumbai,Premium
28.0,23934.0,636.0,Delhi,Basic
31.0,29680.0,607.0,Chennai,Basic
29.0,45931.0,657.0,Chennai,Basic
19.0,51183.0,616.0,Delhi,Basic
27.0,41652.0,609.0,Chennai,Basic
35.0,46100.0,739.0,Delhi,Basic
33.0,36738.0,686.0,Delhi,Basic
30.0,37029.0,709.0,Chennai,Basic
25.0,34696.0,652.0,Chennai,Premium
34.0,47798.0,698.0,Mumbai,Premium
27.0,42742.0,688.0,Chennai,Premium
23.0,38127.0,710.0,Chennai,Premium
25.0,37373.0,768.0,Mumbai,Premium
39.0,44452.0,638.0,Delhi,Basic
31.0,42585.0,662.0,Delhi,Basic
37.0,33344.0,647.0,Mumbai,Basic
27.0,53728.0,474.0,Chennai,Basic
36.0,42056.0,580.0,Chennai,Premium
26.0,40084.0,650.0,Mumbai,Basic
29.0,51818.0,681.0,Delhi,Premium
45.0,48192.0,621.0,Chennai,Basic
35.0,39296.0,706.0,Delhi,Basic
27.0,44288.0,714.0,Chennai,Premium
29.0,31440.0,629.0,Chennai,Premium
32.0,34873.0,721.0,Delhi,Premium
37.0,21917.0,737.0,Mumbai,Basic
27.0,49763.0,673.0,Chennai,Premium
20.0,24813.0,601.0,Chennai,Basic
28.0,45450.0,723.0,Chennai,Basic
30.0,33355.0,642.0,Chennai,Basic
31.0,32168.0,631.0,Delhi,Basic
38.0,38440.0,656.0,Mumbai,Premium
32.0,42131.0,623.0,Delhi,Premium
35.0,44897.0,704.0,Mumbai,Premium
23.0,54173.0,689.0,Delhi,Basic
35.0,42869.0,711.0,Delhi,Basic
43.0,47050.0,679.0,Delhi,Basic
35.0,35212.0,610.0,Delhi,Premium
32.0,45710.0,642.0,Mumbai,Basic
31.0,41226.0,694.0,Mumbai,Basic
41.0,36295.0,630.0,Chennai,Basic
24.0,39232.0,796.0,Delhi,Basic
29.0,39504.0,638.0,Chennai,Premium
33.0,41529.0,621.0,Chennai,Premium
34.0,43211.0,707.0,Mumbai,Basic
27.0,35929.0,687.0,Delhi,Premium
32.0,34074.0,649.0,Delhi,Premium
28.0,45980.0,638.0,Chennai,Premium
31.0,26428.0,671.0,Delhi,Basic
29.0,35054.0,692.0,Chennai,Premium
23.0,52421.0,688.0,Delhi,Premium
30.0,18342.0,635.0,Mumbai,Basic
35.0,34456.0,672.0,Delhi,Basic
24.0,45502.0,692.0,Delhi,Premium
29.0,26797.0,688.0,Delhi,Basic
34.0,60785.0,496.0,Chennai,Basic
24.0,19293.0,605.0,Mumbai,Premium
31.0,51492.0,611.0,Chennai,Basic
24.0,52459.0,638.0,Chennai,Basic
37.0,47331.0,659.0,Delhi,Basic
44.0,38227.0,696.0,Mumbai,Basic
42.0,42857.0,681.0,Mumbai,Basic
29.0,32822.0,644.0,Delhi,Basic
34.0,46475.0,651.0,Chennai,Basic
31.0,31041.0,738.0,Mumbai,Basic
31.0,37809.0,619.0,Delhi,Basic
39.0,47970.0,665.0,Delhi,Basic
22.0,31086.0,728.0,Delhi,Premium
36.0,37086.0,667.0,Mumbai,Premium
30.0,41314.0,548.0,Chennai,Premium
38.0,29266.0,669.0,Chennai,Premium
31.0,49315.0,631.0,Chennai,Premium
26.0,42726.0,644.0,Chennai,Basic
32.0,27875.0,703.0,Delhi,Premium
34.0,39624.0,673.0,Chennai,Basic
30.0,33797.0,637.0,Chennai,Basic
33.0,34740.0,695.0,Delhi,Basic
27.0,40614.0,672.0,Chennai,Basic
17.0,34322.0,655.0,Mumbai,Basic
35.0,47716.0,665.0,Chennai,Basic
34.0,34363.0,663.0,Chennai,Premium
31.0,47854.0,633.0,Delhi,Basic
30.0,39650.0,627.0,Mumbai,Basic
36.0,46846.0,651.0,Chennai,Premium
27.0,35669.0,602.0,Chennai,Basic
26.0,35958.0,587.0,Chennai,Premium
29.0,30780.0,715.0,Mumbai,Premium
37.0,44624.0,638.0,Mumbai,Basic
22.0,47502.0,649.0,Chennai,Basic
37.0,56954.0,643.0,Chennai,Basic
26.0,50324.0,651.0,Chennai,Basic
23.0,41998.0,651.0,Chennai,Basic
38.0,38312.0,653.0,Mumbai,Basic
29.0,43110.0,610.0,Delhi,Basic
22.0,39778.0,697.0,Mumbai,Premium
28.0,51708.0,615.0,Chennai,Premium
36.0,47552.0,702.0,Delhi,Premium
37.0,33306.0,554.0,Mumbai,Basic
27.0,34499.0,597.0,Chennai,Premium
32.0,50938.0,700.0,Chennai,Basic
34.0,42465.0,643.0,Chennai,Premium
26.0,38146.0,616.0,Mumbai,Premium
32.0,49491.0,669.0,Delhi,Premium
30.0,36899.0,598.0,Delhi,Premium
27.0,37762.0,654.0,Delhi,Basic
27.0,36311.0,539.0,Mumbai,Basic
30.0,24307.0,627.0,Delhi,Premium
30.0,46914.0,618.0,Chennai,Basic
27.0,30327.0,677.0,Chennai,Basic
27.0,35450.0,694.0,Delhi,Basic
37.0,34049.0,607.0,Chennai,Basic
31.0,45816.0,730.0,Mumbai,Basic
35.0,39451.0,620.0,Mumbai,Basic
37.0,40123.0,547.0,Chennai,Basic
34.0,26564.0,531.0,Delhi,Premium
44.0,39301.0,727.0,Delhi,Premium
25.0,28189.0,646.0,Delhi,Premium
35.0,42458.0,618.0,Mumbai,Premium
28.0,42934.0,613.0,Chennai,Premium
41.0,39861.0,595.0,Delhi,Basic
40.0,56345.0,718.0,Delhi,Premium
18.0,44222.0,646.0,Mumbai,Basic
24.0,44767.0,740.0,Chennai,Basic
34.0,41138.0,640.0,Delhi,Basic
35.0,38458.0,532.0,Chennai,Basic
34.0,47727.0,692.0,Delhi,Basic
30.0,48812.0,632.0,Mumbai,Premium
33.0,29591.0,638.0,Mumbai,Basic
34.0,48436.0,728.0,Chennai,Basic
30.0,44111.0,637.0,Mumbai,Basic
36.0,47686.0,708.0,Delhi,Basic
16.0,43729.0,650.0,Delhi,Premium
34.0,30046.0,612.0,Mumbai,Premium
24.0,30617.0,675.0,Delhi,Basic
36.0,54597.0,620.0,Chennai,Basic
29.0,42019.0,711.0,Delhi,Basic
25.0,28662.0,698.0,Mumbai,Basic
32.0,42785.0,653.0,Chennai,Basic
25.0,37103.0,680.0,Chennai,Premium
25.0,25253.0,678.0,Chennai,Premium
21.0,21678.0,636.0,Chennai,Basic
30.0,27179.0,695.0,Chennai,Basic
33.0,42174.0,639.0,Chennai,Basic
36.0,39615.0,681.0,Delhi,Basic
29.0,38007.0,602.0,Chennai,Basic
36.0,42277.0,655.0,Chennai,Basic
30.0,44809.0,671.0,Mumbai,Basic
29.0,23180.0,611.0,Delhi,Basic
33.0,37591.0,629.0,Mumbai,Basic
36.0,33377.0,623.0,Chennai,Basic
28.0,30134.0,687.0,Delhi,Basic
29.0,35622.0,614.0,Chennai,Basic
29.0,39017.0,672.0,Delhi,Premium
30.0,37869.0,726.0,Delhi,Basic
25.0,28363.0,668.0,Delhi,Basic
36.0,36135.0,570.0,Delhi,Basic
28.0,56127.0,657.0,Mumbai,Premium
33.0,31564.0,702.0,Delhi,Basic
25.0,26503.0,636.0,Chennai,Basic
32.0,42202.0,706.0,Mumbai,Premium
32.0,44773.0,681.0,Chennai,Premium
27.0,43712.0,671.0,Mumbai,Basic
42.0,31042.0,637.0,Delhi,Basic
32.0,47985.0,625.0,Chennai,Premium
41.0,33717.0,638.0,Mumbai,Basic
36.0,30921.0,654.0,Chennai,Basic
26.0,35132.0,677.0,Chennai,Basic
28.0,39130.0,671.0,Chennai,Basic
33.0,45713.0,635.0,Delhi,Basic
30.0,44991.0,654.0,Delhi,Premium
30.0,39820.0,670.0,Chennai,Premium
28.0,47463.0,569.0,Delhi,Basic
19.0,40652.0,612.0,Mumbai,Basic
29.0,47168.0,611.0,Mumbai,Premium
17.0,28769.0,640.0,Mumbai,Basic
32.0,27407.0,637.0,Chennai,Premium
26.0,46206.0,638.0,Delhi,Premium
26.0,28879.0,607.0,Mumbai,Premium
29.0,37588.0,684.0,Mumbai,Basic
32.0,39215.0,665.0,Mumbai,Basic
21.0,36096.0,569.0,Chennai,Premium
20.0,36372.0,651.0,Chennai,Basic
24.0,51141.0,594.0,Chennai,Basic
18.0,19763.0,736.0,Mumbai,Basic
24.0,47071.0,628.0,Mumbai,Basic
40.0,58361.0,631.0,Delhi,Basic
24.0,40189.0,655.0,Delhi,Basic
34.0,39848.0,641.0,Delhi,Premium
22.0,45811.0,648.0,Delhi,Premium
32.0,54631.0,728.0,Delhi,Premium
28.0,30496.0,662.0,Chennai,Basic
30.0,40702.0,693.0,Chennai,Basic
33.0,38510.0,707.0,Delhi,Basic
41.0,44475.0,602.0,Chennai,Basic
31.0,41273.0,735.0,Chennai,Premium
31.0,45277.0,685.0,Mumbai,Basic
24.0,36627.0,699.0,Delhi,Basic
34.0,40392.0,608.0,Chennai,Premium
29.0,34637.0,692.0,Mumbai,Premium
35.0,34686.0,672.0,Chennai,Premium
30.0,38868.0,624.0,Chennai,Basic
40.0,38864.0,765.0,Mumbai,Basic
18.0,30620.0,679.0,Mumbai,Premium
28.0,52560.0,639.0,Mumbai,Premium
35.0,38919.0,661.0,Chennai,Premium
28.0,28930.0,696.0,Delhi,Basic
25.0,48812.0,707.0,Chennai,Basic
28.0,34014.0,680.0,Chennai,Basic
22.0,44066.0,712.0,Mumbai,Basic
31.0,39864.0,724.0,Chennai,Basic
45.0,42005.0,589.0,Chennai,Premium
37.0,41368.0,627.0,Chennai,Premium
23.0,35399.0,604.0,Mumbai,Basic
25.0,40328.0,656.0,Delhi,Basic
28.0,56265.0,723.0,Chennai,Basic
36.0,22099.0,684.0,Delhi,Premium
25.0,40528.0,599.0,Mumbai,Basic
26.0,43480.0,636.0,Chennai,Premium
35.0,31582.0,702.0,Chennai,Basic
35.0,29037.0,624.0,Delhi,Premium
28.0,57271.0,646.0,Chennai,Basic
23.0,37028.0,666.0,Delhi,Basic
21.0,56632.0,560.0,Chennai,Basic
26.0,44286.0,690.0,Chennai,Basic
17.0,40609.0,668.0,Delhi,Premium
34.0,43808.0,679.0,Mumbai,Basic
26.0,45080.0,602.0,Chennai,Basic
33.0,49437.0,613.0,Chennai,Premium
41.0,43487.0,621.0,Mumbai,Premium
37.0,41157.0,664.0,Chennai,Basic
23.0,41410.0,655.0,Chennai,Premium
35.0,50815.0,657.0,Chennai,Premium
37.0,46536.0,741.0,Chennai,Basic
26.0,31984.0,716.0,Chennai,Basic
24.0,34915.0,615.0,Mumbai,Basic
29.0,42646.0,618.0,Chennai,Basic
20.0,35017.0,737.0,Mumbai,Basic
39.0,36988.0,635.0,Delhi,Basic
16.0,32353.0,720.0,Chennai,Premium
23.0,37907.0,731.0,Chennai,Premium
28.0,43389.0,624.0,Delhi,Basic
29.0,47961.0,638.0,Delhi,Basic
31.0,40074.0,655.0,Chennai,Premium
32.0,56599.0,608.0,Chennai,Premium
29.0,39389.0,602.0,Mumbai,Basic
37.0,65547.0,631.0,Mumbai,Basic
17.0,48013.0,694.0,Delhi,Basic
30.0,43974.0,629.0,Mumbai,Basic
26.0,36008.0,641.0,Chennai,Basic
31.0,17404.0,628.0,Chennai,Basic
31.0,38759.0,583.0,Mumbai,Basic
25.0,41426.0,725.0,Delhi,Basic
26.0,55380.0,534.0,Delhi,Premium
35.0,28962.0,618.0,Mumbai,Basic
32.0,55247.0,679.0,Mumbai,Basic
26.0,37990.0,581.0,Mumbai,Basic
42.0,45792.0,681.0,Mumbai,Basic
44.0,19681.0,714.0,Delhi,Premium
21.0,41112.0,608.0,Mumbai,Premium
32.0,37250.0,661.0,Chennai,Basic
45.0,45459.0,595.0,Chennai,Basic
35.0,40730.0,676.0,Chennai,Basic
31.0,30862.0,655.0,Delhi,Premium
29.0,47576.0,662.0,Mumbai,Premium
27.0,45557.0,719.0,Mumbai,Basic
29.0,44774.0,675.0,Chennai,Basic
27.0,48071.0,718.0,Delhi,Basic
34.0,48808.0,683.0,Chennai,Basic
28.0,39826.0,591.0,Mumbai,Basic
27.0,29139.0,664.0,Delhi,Basic
23.0,28920.0,675.0,Chennai,Basic
30.0,50798.0,579.0,Chennai,Basic
25.0,45684.0,718.0,Chennai,Basic
29.0,40816.0,654.0,Chennai,Premium
36.0,36523.0,669.0,Chennai,Basic
32.0,40252.0,606.0,Delhi,Basic
33.0,40198.0,655.0,Delhi,Basic
32.0,37306.0,666.0,Mumbai,Basic
30.0,34408.0,635.0,Mumbai,Basic
29.0,57315.0,655.0,Delhi,Premium
28.0,41828.0,545.0,Chennai,Basic
35.0,35154.0,719.0,Chennai,Premium
23.0,29584.0,595.0,Delhi,Basic
38.0,34194.0,542.0,Chennai,Basic
30.0,45758.0,603.0,Chennai,Basic
26.0,46067.0,609.0,Delhi,Basic
27.0,38253.0,678.0,Chennai,Basic
26.0,40414.0,605.0,Mumbai,Basic
31.0,37560.0,665.0,Delhi,Basic
26.0,31137.0,603.0,Delhi,Basic
37.0,50413.0,761.0,Mumbai,Premium
25.0,42981.0,678.0,Chennai,Basic
16.0,59811.0,749.0,Chennai,Basic
26.0,33951.0,600.0,Delhi,Basic
18.0,38900.0,684.0,Mumbai,Premium
30.0,47064.0,603.0,Chennai,Basic
36.0,38039.0,680.0,Delhi,Basic
34.0,28898.0,685.0,Mumbai,Basic
22.0,32409.0,571.0,Chennai,Basic
25.0,40806.0,594.0,Mumbai,Basic
41.0,42747.0,593.0,Delhi,Basic
32.0,39243.0,576.0,Chennai,Basic
30.0,48028.0,614.0,Delhi,Basic
36.0,47942.0,603.0,Mumbai,Premium
45.0,42582.0,579.0,Delhi,Premium
38.0,40215.0,656.0,Delhi,Basic
31.0,37977.0,678.0,Delhi,Premium
32.0,44408.0,585.0,Chennai,Basic
34.0,47357.0,623.0,Mumbai,Premium
26.0,40485.0,651.0,Chennai,Premium
24.0,43600.0,639.0,Mumbai,Basic
30.0,37405.0,616.0,Mumbai,Basic
24.0,28708.0,691.0,Mumbai,Premium
30.0,31992.0,693.0,Mumbai,Basic
31.0,46126.0,685.0,Delhi,Premium
44.0,43576.0,640.0,Chennai,Premium
25.0,52722.0,750.0,Delhi,Premium
29.0,40449.0,738.0,Delhi,Basic
29.0,46918.0,631.0,Chennai,Basic
33.0,50584.0,645.0,Mumbai,Premium
36.0,47956.0,710.0,Chennai,Basic
27.0,35132.0,611.0,Delhi,Basic
25.0,38523.0,670.0,Chennai,Basic
20.0,41038.0,653.0,Chennai,Basic
24.0,32113.0,615.0,Mumbai,Basic
33.0,43794.0,639.0,Mumbai,Basic
30.0,48192.0,572.0,Chennai,Premium
24.0,36153.0,623.0,Mumbai,Basic
28.0,55780.0,551.0,Mumbai,Basic
30.0,37674.0,764.0,Mumbai,Basic
33.0,38376.0,726.0,Delhi,Basic
26.0,38094.0,712.0,Chennai,Basic
28.0,34334.0,666.0,Delhi,Premium
19.0,43343.0,700.0,Chennai,Basic
23.0,40160.0,714.0,Mumbai,Basic
40.0,53291.0,701.0,Mumbai,Basic
17.0,44858.0,696.0,Chennai,Premium
28.0,44302.0,605.0,Mumbai,Basic
31.0,38228.0,672.0,Mumbai,Premium
28.0,28686.0,624.0,Chennai,Basic
25.0,39284.0,591.0,Chennai,Premium
30.0,33198.0,593.0,Chennai,Basic
30.0,47615.0,672.0,Mumbai,Basic
30.0,39756.0,703.0,Chennai,Basic
19.0,53326.0,582.0,Chennai,Basic
29.0,45882.0,738.0,Mumbai,Basic
25.0,46684.0,724.0,Chennai,Premium
27.0,41845.0,631.0,Chennai,Basic
31.0,41669.0,627.0,Chennai,Premium
34.0,45226.0,647.0,Chennai,Premium
35.0,47381.0,699.0,Delhi,Basic
27.0,34315.0,631.0,Chennai,Basic
36.0,43938.0,595.0,Mumbai,Premium
37.0,60969.0,667.0,Chennai,Premium
37.0,39282.0,547.0,Chennai,Basic
38.0,37956.0,657.0,Chennai,Basic
29.0,34460.0,708.0,Mumbai,Basic
29.0,28411.0,665.0,Mumbai,Basic
35.0,49511.0,689.0,Chennai,Basic
22.0,40488.0,675.0,Chennai,Basic
31.0,42397.0,686.0,Chennai,Basic
27.0,54759.0,657.0,Mumbai,Basic
28.0,60074.0,609.0,Mumbai,Premium
20.0,32892.0,639.0,Delhi,Premium
25.0,48436.0,646.0,Delhi,Premium
30.0,44991.0,713.0,Delhi,Basic
35.0,43197.0,731.0,Delhi,Premium
36.0,43840.0,671.0,Chennai,Basic
30.0,39828.0,612.0,Mumbai,Basic
29.0,52730.0,614.0,Mumbai,Basic
25.0,44933.0,641.0,Delhi,Premium
32.0,42776.0,719.0,Chennai,Basic
29.0,49995.0,667.0,Chennai,Basic
34.0,47193.0,647.0,Mumbai,Premium
41.0,43702.0,612.0,Mumbai,Premium
30.0,42636.0,694.0,Mumbai,Premium
21.0,54068.0,664.0,Mumbai,Premium
25.0,44098.0,647.0,Delhi,Basic
21.0,39304.0,655.0,Mumbai,Basic
23.0,33165.0,734.0,Delhi,Basic
38.0,37270.0,642.0,Delhi,Premium
31.0,31625.0,734.0,Delhi,Basic
21.0,40884.0,712.0,Chennai,Basic
34.0,42079.0,653.0,Chennai,Basic
38.0,23617.0,694.0,Mumbai,Basic
28.0,40169.0,644.0,Delhi,Premium
26.0,45215.0,609.0,Delhi,Basic
28.0,41354.0,637.0,Delhi,Premium
32.0,32384.0,605.0,Mumbai,Basic
34.0,50171.0,676.0,Chennai,Basic
37.0,34450.0,651.0,Delhi,Premium
37.0,30194.0,678.0,Delhi,Basic
37.0,31375.0,691.0,Chennai,Basic
38.0,39904.0,494.0,Chennai,Premium
34.0,47883.0,666.0,Delhi,Basic
21.0,49344.0,560.0,Chennai,Basic
29.0,41697.0,658.0,Delhi,Basic
32.0,30469.0,606.0,Delhi,Premium
28.0,34763.0,655.0,Delhi,Basic
35.0,32834.0,718.0,Mumbai,Basic
28.0,38588.0,565.0,Chennai,Basic
24.0,25821.0,660.0,Delhi,Basic
39.0,40902.0,646.0,Delhi,Basic
34.0,45172.0,555.0,Chennai,Basic
31.0,38819.0,682.0,Chennai,Basic
36.0,43691.0,652.0,Mumbai,Basic
36.0,32500.0,625.0,Chennai,Premium
32.0,28371.0,614.0,Delhi,Basic
15.0,34912.0,811.0,Chennai,Basic
26.0,49264.0,630.0,Delhi,Basic
27.0,48247.0,560.0,Delhi,Basic
24.0,36352.0,603.0,Chennai,Basic
31.0,49637.0,632.0,Mumbai,Premium
37.0,37407.0,631.0,Chennai,Basic
27.0,52101.0,646.0,Chennai,Premium
23.0,43867.0,598.0,Chennai,Basic
42.0,36390.0,677.0,Mumbai,Basic
27.0,46368.0,626.0,Mumbai,Basic
23.0,33807.0,582.0,Delhi,Basic
31.0,32518.0,609.0,Chennai,Premium
33.0,28396.0,631.0,Mumbai,Basic
26.0,42069.0,692.0,Chennai,Premium
35.0,39575.0,674.0,Mumbai,Basic
27.0,39383.0,633.0,Chennai,Basic
24.0,36721.0,651.0,Chennai,Premium
31.0,51503.0,661.0,Chennai,Basic
35.0,36611.0,752.0,Delhi,Premium
26.0,34213.0,619.0,Chennai,Premium
32.0,49969.0,673.0,Chennai,Basic
29.0,51370.0,686.0,Mumbai,Basic
47.0,42711.0,602.0,Mumbai,Basic
26.0,26080.0,659.0,Chennai,Basic
38.0,35202.0,658.0,Mumbai,Premium
30.0,44903.0,627.0,Delhi,Premium
29.0,40142.0,678.0,Mumbai,Basic
34.0,52433.0,701.0,Chennai,Basic
35.0,29065.0,707.0,Chennai,Premium
38.0,45427.0,640.0,Delhi,Basic
32.0,34984.0,659.0,Delhi,Basic
26.0,50584.0,768.0,Chennai,Premium
27.0,39399.0,595.0,Delhi,Basic
33.0,48245.0,661.0,Delhi,Basic
33.0,34820.0,694.0,Chennai,Basic
38.0,28724.0,658.0,Mumbai,Basic
33.0,31117.0,683.0,Mumbai,Basic
36.0,35146.0,659.0,Mumbai,Basic
39.0,31801.0,688.0,Delhi,Basic
31.0,49604.0,714.0,Chennai,Basic
21.0,50711.0,639.0,Mumbai,Basic
23.0,42184.0,660.0,Chennai,Premium
21.0,31726.0,647.0,Chennai,Basic
40.0,39053.0,630.0,Delhi,Basic
25.0,34512.0,649.0,Chennai,Premium
37.0,51633.0,593.0,Chennai,Basic
34.0,42528.0,687.0,Delhi,Basic
40.0,43915.0,735.0,Mumbai,Basic
36.0,36803.0,735.0,Chennai,Basic
29.0,23909.0,714.0,Delhi,Basic
29.0,33831.0,602.0,Chennai,Basic
31.0,31067.0,726.0,Delhi,Basic
31.0,42962.0,614.0,Delhi,Basic
27.0,40772.0,647.0,Delhi,Basic
30.0,33587.0,742.0,Chennai,Basic
40.0,36891.0,596.0,Mumbai,Basic
20.0,52532.0,692.0,Delhi,Basic
32.0,32325.0,664.0,Delhi,Basic
25.0,32656.0,642.0,Delhi,Basic
31.0,38173.0,606.0,Mumbai,Basic
35.0,34407.0,671.0,Delhi,Premium
30.0,36570.0,627.0,Mumbai,Basic
35.0,44252.0,702.0,Chennai,Basic
20.0,53858.0,711.0,Delhi,Basic
37.0,25764.0,581.0,Chennai,Basic
26.0,39854.0,625.0,Chennai,Basic
34.0,40332.0,634.0,Mumbai,Basic
31.0,39329.0,591.0,Mumbai,Basic
14.0,38503.0,594.0,Delhi,Basic
25.0,37277.0,654.0,Chennai,Premium
31.0,48034.0,640.0,Chennai,Basic
39.0,36279.0,567.0,Mumbai,Premium
32.0,38981.0,623.0,Delhi,Premium
32.0,39999.0,676.0,Chennai,Basic
22.0,40860.0,590.0,Mumbai,Basic
39.0,38633.0,604.0,Delhi,Basic
41.0,47994.0,729.0,Delhi,Premium
30.0,39931.0,716.0,Mumbai,Basic
29.0,41392.0,569.0,Mumbai,Basic
20.0,39588.0,582.0,Chennai,Basic
35.0,31976.0,669.0,Mumbai,Basic
46.0,33360.0,590.0,Delhi,Basic
34.0,31600.0,637.0,Chennai,Premium
38.0,41541.0,627.0,Mumbai,Basic
33.0,34292.0,678.0,Delhi,Basic
24.0,31509.0,524.0,Delhi,Basic
38.0,41905.0,540.0,Mumbai,Basic
23.0,44200.0,589.0,Chennai,Basic
29.0,25914.0,701.0,Mumbai,Basic
32.0,53517.0,642.0,Delhi,Premium
35.0,40258.0,565.0,Chennai,Basic
32.0,39159.0,675.0,Delhi,Premium
32.0,48534.0,685.0,Chennai,Premium
25.0,40558.0,638.0,Mumbai,Premium
22.0,35169.0,633.0,Delhi,Basic
30.0,57557.0,672.0,Chennai,Premium
26.0,31405.0,710.0,Mumbai,Basic
22.0,39219.0,658.0,Mumbai,Premium
22.0,46778.0,677.0,Mumbai,Basic
27.0,31443.0,648.0,Chennai,Basic
19.0,39184.0,631.0,Chennai,Basic
22.0,43093.0,604.0,Mumbai,Basic
20.0,59213.0,663.0,Mumbai,Basic
31.0,32858.0,635.0,Chennai,Premium
32.0,39619.0,638.0,Chennai,Premium
42.0,45270.0,696.0,Delhi,Premium
21.0,40648.0,674.0,Chennai,Basic
26.0,30377.0,694.0,Mumbai,Premium
35.0,43265.0,571.0,Delhi,Basic
29.0,40860.0,678.0,Mumbai,Premium
28.0,43565.0,621.0,Delhi,Basic
40.0,49052.0,610.0,Chennai,Basic
28.0,48106.0,607.0,Chennai,Basic
23.0,43262.0,711.0,Chennai,Basic
22.0,42485.0,691.0,Delhi,Basic
32.0,31212.0,614.0,Delhi,Premium
32.0,38925.0,593.0,Mumbai,Basic
22.0,41763.0,651.0,Mumbai,Basic
24.0,36792.0,627.0,Mumbai,Premium
33.0,40781.0,733.0,Chennai,Basic
33.0,33397.0,577.0,Chennai,Premium
26.0,52275.0,559.0,Delhi,Basic
34.0,57217.0,637.0,Chennai,Basic
33.0,36884.0,651.0,Mumbai,Basic
19.0,43203.0,657.0,Mumbai,Premium
28.0,38127.0,688.0,Chennai,Basic
32.0,50103.0,754.0,Mumbai,Basic
27.0,43480.0,633.0,Chennai,Basic
17.0,40619.0,623.0,Chennai,Basic
28.0,38211.0,562.0,Mumbai,Basic
35.0,41009.0,662.0,Delhi,Basic
39.0,31997.0,693.0,Mumbai,Premium
17.0,45404.0,637.0,Mumbai,Premium
46.0,34288.0,709.0,Chennai,Premium
23.0,44279.0,652.0,Mumbai,Premium
36.0,41037.0,726.0,Chennai,Basic
37.0,48760.0,667.0,Chennai,Basic
36.0,39864.0,597.0,Chennai,Basic
31.0,48185.0,618.0,Chennai,Basic
23.0,32621.0,573.0,Delhi,Premium
34.0,44876.0,563.0,Delhi,Basic
26.0,38207.0,663.0,Mumbai,Basic
15.0,41554.0,693.0,Chennai,Basic
47.0,40574.0,748.0,Mumbai,Basic
34.0,47490.0,647.0,Chennai,Basic
41.0,23843.0,638.0,Chennai,Basic
25.0,42585.0,595.0,Delhi,Basic
39.0,28044.0,699.0,Chennai,Basic
40.0,49655.0,669.0,Mumbai,Basic
39.0,24218.0,620.0,Chennai,Premium
30.0,31970.0,684.0,Chennai,Premium
23.0,26609.0,678.0,Mumbai,Premium
29.0,53114.0,557.0,Mumbai,Basic
17.0,29688.0,687.0,Chennai,Premium
20.0,40911.0,657.0,Chennai,Premium
31.0,35714.0,630.0,Delhi,Basic
24.0,25602.0,629.0,Chennai,Basic
29.0,37302.0,737.0,Chennai,Premium
29.0,45302.0,727.0,Mumbai,Basic
42.0,38526.0,741.0,Mumbai,Basic
38.0,47529.0,593.0,Chennai,Premium
30.0,37105.0,617.0,Chennai,Premium
37.0,40055.0,695.0,Chennai,Premium
25.0,36922.0,590.0,Delhi,Basic
28.0,42749.0,614.0,Chennai,Basic
35.0,55191.0,560.0,Mumbai,Basic
23.0,42898.0,743.0,Chennai,Basic
28.0,41556.0,703.0,Delhi,Basic
22.0,35053.0,673.0,Mumbai,Premium
31.0,33956.0,661.0,Mumbai,Premium
40.0,51713.0,629.0,Delhi,Basic
25.0,31102.0,630.0,Mumbai,Basic
31.0,32695.0,681.0,Delhi,Basic
25.0,39220.0,614.0,Chennai,Premium
23.0,36590.0,711.0,Delhi,Basic
23.0,55650.0,625.0,Delhi,Basic
39.0,21070.0,606.0,Delhi,Basic
44.0,42891.0,715.0,Mumbai,Basic
33.0,45702.0,643.0,Delhi,Premium
26.0,31036.0,678.0,Chennai,Basic
34.0,34843.0,629.0,Delhi,Basic
28.0,43461.0,537.0,Delhi,Basic
35.0,53036.0,677.0,Chennai,Basic
32.0,32636.0,583.0,Chennai,Basic
32.0,27366.0,704.0,Delhi,Basic
34.0,47780.0,572.0,Mumbai,Basic
27.0,52190.0,557.0,Delhi,Basic
28.0,37320.0,665.0,Mumbai,Premium
20.0,22290.0,671.0,Delhi,Premium
27.0,51615.0,655.0,Chennai,Basic
21.0,38412.0,589.0,Chennai,Premium
29.0,48991.0,694.0,Mumbai,Basic
24.0,39652.0,577.0,Mumbai,Premium
31.0,36995.0,627.0,Mumbai,Basic
33.0,36385.0,611.0,Chennai,Premium
21.0,51788.0,631.0,Mumbai,Basic
25.0,51476.0,693.0,Delhi,Basic
24.0,22897.0,618.0,Mumbai,Premium
34.0,32510.0,678.0,Chennai,Basic
40.0,54217.0,685.0,Mumbai,Basic
35.0,37062.0,564.0,Delhi,Basic
28.0,29116.0,592.0,Mumbai,Basic
39.0,40036.0,631.0,Delhi,Basic
21.0,39133.0,620.0,Chennai,Basic
39.0,39221.0,665.0,Delhi,Premium
26.0,36163.0,553.0,Delhi,Basic
13.0,37519.0,686.0,Chennai,Premium
46.0,36353.0,687.0,Chennai,Basic
39.0,42671.0,642.0,Chennai,Basic
24.0,33498.0,581.0,Delhi,Basic
31.0,37683.0,650.0,Delhi,Premium
29.0,38847.0,623.0,Chennai,Basic
31.0,50446.0,678.0,Chennai,Premium
21.0,42987.0,646.0,Delhi,Basic
26.0,39122.0,686.0,Delhi,Premium
33.0,44290.0,628.0,Mumbai,Basic
31.0,43249.0,722.0,Delhi,Basic
37.0,48703.0,535.0,Chennai,Basic
30.0,44052.0,599.0,Mumbai,Premium
44.0,54351.0,675.0,Chennai,Basic
26.0,50757.0,574.0,Chennai,Basic
32.0,39672.0,687.0,Chennai,Premium
19.0,36684.0,589.0,Delhi,Basic
22.0,47060.0,655.0,Chennai,Premium
38.0,44133.0,604.0,Mumbai,Premium
24.0,39243.0,628.0,Chennai,Basic
33.0,28184.0,659.0,Chennai,Basic
30.0,25341.0,645.0,Delhi,Premium
24.0,42786.0,631.0,Chennai,Premium
28.0,46167.0,758.0,Chennai,Basic
27.0,46427.0,650.0,Delhi,Premium
27.0,29703.0,602.0,Chennai,Basic
35.0,48299.0,696.0,Delhi,Premium
34.0,35727.0,691.0,Chennai,Basic
27.0,43107.0,711.0,Delhi,Basic
25.0,43334.0,739.0,Chennai,Basic
32.0,33580.0,603.0,Delhi,Basic
29.0,35269.0,703.0,Mumbai,Basic
36.0,23416.0,707.0,Mumbai,Basic
46.0,32666.0,650.0,Mumbai,Basic
35.0,25580.0,662.0,Delhi,Basic
30.0,43499.0,500.0,Chennai,Basic
29.0,40491.0,621.0,Chennai,Basic
25.0,47312.0,739.0,Mumbai,Basic
25.0,42852.0,561.0,Chennai,Basic
24.0,34922.0,623.0,Delhi,Basic
28.0,42770.0,664.0,Chennai,Premium
27.0,36877.0,679.0,Mumbai,Basic
34.0,44872.0,732.0,Chennai,Basic
28.0,42523.0,562.0,Chennai,Basic
29.0,32091.0,652.0,Chennai,Basic
23.0,40018.0,693.0,Delhi,Premium
40.0,40443.0,584.0,Mumbai,Premium
33.0,37538.0,648.0,Delhi,Premium
41.0,47159.0,744.0,Mumbai,Basic
35.0,53704.0,716.0,Delhi,Basic
39.0,37058.0,677.0,Chennai,Premium
29.0,37194.0,519.0,Delhi,Basic
34.0,22015.0,643.0,Delhi,Basic
46.0,38969.0,669.0,Delhi,Premium
23.0,36511.0,635.0,Chennai,Basic
37.0,22711.0,647.0,Chennai,Basic
40.0,42308.0,804.0,Chennai,Basic
33.0,44728.0,639.0,Chennai,Basic
35.0,34127.0,602.0,Chennai,Basic
38.0,37019.0,662.0,Chennai,Basic
26.0,32268.0,634.0,Delhi,Basic
33.0,46100.0,635.0,Mumbai,Premium
25.0,27860.0,646.0,Mumbai,Basic
26.0,37494.0,689.0,Delhi,Premium
26.0,55609.0,662.0,Mumbai,Premium
29.0,40413.0,590.0,Delhi,Premium
31.0,43743.0,643.0,Chennai,Basic
33.0,38827.0,674.0,Delhi,Basic
21.0,30605.0,627.0,Mumbai,Basic
42.0,39739.0,707.0,Delhi,Basic
37.0,43252.0,689.0,Mumbai,Basic
34.0,31819.0,600.0,Mumbai,Basic
28.0,42733.0,666.0,Mumbai,Premium
29.0,49959.0,749.0,Chennai,Basic
33.0,48558.0,728.0,Mumbai,Basic
33.0,27338.0,647.0,Delhi,Premium
20.0,32198.0,695.0,Delhi,Premium
35.0,27091.0,616.0,Delhi,Basic
48.0,48569.0,578.0,Chennai,Basic
19.0,44883.0,678.0,Chennai,Premium
36.0,45625.0,662.0,Mumbai,Basic
32.0,32973.0,676.0,Delhi,Premium
29.0,30667.0,649.0,Mumbai,Basic
38.0,40615.0,666.0,Chennai,Premium
23.0,40808.0,624.0,Delhi,Basic
31.0,33166.0,674.0,Delhi,Basic
39.0,41137.0,692.0,Chennai,Basic
29.0,45157.0,647.0,Delhi,Premium
27.0,41824.0,691.0,Chennai,Basic
31.0,31685.0,561.0,Delhi,Basic
27.0,23099.0,611.0,Chennai,Basic
40.0,37929.0,722.0,Delhi,Premium
24.0,41315.0,738.0,Delhi,Basic
35.0,37919.0,663.0,Mumbai,Basic
22.0,36573.0,645.0,Mumbai,Premium
34.0,34468.0,587.0,Mumbai,Premium
29.0,45725.0,668.0,Mumbai,Basic
14.0,39581.0,689.0,Mumbai,Basic
30.0,40986.0,576.0,Chennai,Basic
23.0,32228.0,678.0,Delhi,Basic
27.0,35037.0,675.0,Chennai,Basic
39.0,41310.0,672.0,Delhi,Premium
23.0,31957.0,594.0,Chennai,Basic
23.0,29926.0,677.0,Delhi,Premium
39.0,37367.0,575.0,Mumbai,Premium
31.0,49608.0,724.0,Chennai,Premium
40.0,41528.0,657.0,Mumbai,Basic
32.0,51677.0,592.0,Chennai,Basic
25.0,38948.0,717.0,Delhi,Basic
30.0,37519.0,708.0,Chennai,Premium
38.0,28862.0,617.0,Chennai,Basic
36.0,35390.0,760.0,Delhi,Basic
30.0,51481.0,600.0,Chennai,Basic
30.0,42620.0,666.0,Chennai,Basic
29.0,45865.0,709.0,Mumbai,Basic
26.0,45641.0,536.0,Chennai,Premium
42.0,39924.0,700.0,Mumbai,Basic
30.0,38362.0,647.0,Delhi,Basic
23.0,40953.0,649.0,Chennai,Basic
27.0,45370.0,596.0,Chennai,Basic
34.0,43663.0,667.0,Mumbai,Basic
34.0,43936.0,595.0,Chennai,Premium
29.0,41233.0,602.0,Mumbai,Premium
26.0,33841.0,628.0,Delhi,Premium
30.0,37907.0,589.0,Delhi,Basic
20.0,32468.0,729.0,Chennai,Basic
22.0,48037.0,584.0,Delhi,Basic
35.0,23184.0,612.0,Chennai,Basic
27.0,38257.0,634.0,Mumbai,Basic
32.0,59098.0,650.0,Mumbai,Basic
38.0,37268.0,690.0,Chennai,Basic
34.0,30922.0,691.0,Delhi,Basic
30.0,39856.0,635.0,Chennai,Basic
43.0,50315.0,631.0,Mumbai,Basic
34.0,38716.0,652.0,Chennai,Basic
28.0,44907.0,691.0,Chennai,Basic
35.0,40800.0,685.0,Chennai,Basic
33.0,37017.0,624.0,Mumbai,Premium
25.0,65202.0,547.0,Mumbai,Basic
30.0,40569.0,757.0,Delhi,Basic
29.0,35703.0,698.0,Mumbai,Basic
18.0,36080.0,663.0,Chennai,Basic
29.0,43045.0,667.0,Chennai,Basic
28.0,43274.0,624.0,Mumbai,Basic
27.0,46176.0,600.0,Chennai,Basic
20.0,41129.0,633.0,Mumbai,Basic
28.0,28547.0,639.0,Mumbai,Basic
30.0,44255.0,619.0,Chennai,Basic
31.0,37528.0,577.0,Mumbai,Basic
23.0,37711.0,634.0,Mumbai,Basic
34.0,28137.0,679.0,Chennai,Basic
23.0,35412.0,625.0,Delhi,Premium
29.0,34185.0,651.0,Chennai,Basic
38.0,39708.0,546.0,Chennai,Basic
26.0,28373.0,640.0,Chennai,Basic
27.0,40405.0,644.0,Chennai,Basic
37.0,40995.0,589.0,Chennai,Premium
28.0,31042.0,564.0,Chennai,Basic
28.0,35003.0,671.0,Chennai,Basic
31.0,33140.0,610.0,Delhi,Basic
36.0,47261.0,674.0,Delhi,Premium
16.0,19774.0,629.0,Mumbai,Premium
25.0,37253.0,681.0,Delhi,Basic
24.0,26716.0,633.0,Mumbai,Basic
23.0,36547.0,575.0,Delhi,Basic
25.0,46774.0,646.0,Chennai,Basic
25.0,34955.0,634.0,Chennai,Premium
32.0,41107.0,683.0,Mumbai,Basic
25.0,33242.0,627.0,Delhi,Basic
31.0,55516.0,630.0,Chennai,Basic
32.0,47306.0,693.0,Delhi,Premium
26.0,49018.0,708.0,Mumbai,Premium
31.0,29375.0,688.0,Delhi,Basic
40.0,31191.0,702.0,Chennai,Basic
32.0,48638.0,673.0,Mumbai,Basic
26.0,38445.0,689.0,Chennai,Basic
30.0,37937.0,694.0,Chennai,Premium
24.0,42670.0,670.0,Chennai,Basic
32.0,29959.0,653.0,Mumbai,Premium
35.0,46183.0,657.0,Chennai,Basic
25.0,40147.0,770.0,Mumbai,Basic
29.0,43834.0,651.0,Chennai,Basic
37.0,34635.0,638.0,Delhi,Premium
27.0,44106.0,632.0,Chennai,Premium
31.0,34361.0,648.0,Chennai,Basic
24.0,47635.0,662.0,Chennai,Basic
25.0,49037.0,593.0,Delhi,Basic
27.0,47295.0,551.0,Mumbai,Basic
43.0,44132.0,665.0,Delhi,Premium
28.0,45071.0,570.0,Chennai,Basic
27.0,18353.0,663.0,Mumbai,Basic
27.0,46679.0,657.0,Mumbai,Basic
29.0,37808.0,708.0,Delhi,Premium
34.0,40760.0,734.0,Chennai,Premium
31.0,37730.0,668.0,Chennai,Premium
42.0,28871.0,622.0,Chennai,Premium
31.0,35691.0,591.0,Chennai,Basic
39.0,45268.0,610.0,Chennai,Basic
32.0,51339.0,652.0,Mumbai,Premium
34.0,35017.0,547.0,Delhi,Basic
21.0,32768.0,654.0,Chennai,Basic
29.0,51614.0,649.0,Delhi,Basic
30.0,32939.0,682.0,Chennai,Premium
29.0,56589.0,633.0,Mumbai,Premium
17.0,40405.0,655.0,Delhi,Premium
35.0,32933.0,613.0,Delhi,Basic
28.0,47875.0,627.0,Chennai,Basic
27.0,53547.0,561.0,Delhi,Premium
28.0,28522.0,656.0,Mumbai,Basic
29.0,52472.0,727.0,Chennai,Basic
32.0,37749.0,658.0,Chennai,Basic
22.0,51891.0,668.0,Delhi,Basic
24.0,36956.0,601.0,Mumbai,Premium
32.0,27382.0,722.0,Delhi,Premium
31.0,44016.0,612.0,Mumbai,Basic
28.0,47413.0,690.0,Delhi,Premium
27.0,56768.0,655.0,Mumbai,Basic
25.0,53789.0,602.0,Chennai,Basic
30.0,45562.0,701.0,Delhi,Basic
37.0,38098.0,651.0,Delhi,Basic
24.0,35835.0,659.0,Chennai,Basic
39.0,37641.0,673.0,Mumbai,Basic
35.0,33353.0,649.0,Chennai,Basic
27.0,37804.0,631.0,Delhi,Basic
35.0,19644.0,673.0,Chennai,Basic
21.0,41431.0,630.0,Mumbai,Basic
20.0,39769.0,653.0,Mumbai,Basic
22.0,60527.0,617.0,Chennai,Premium
28.0,46070.0,575.0,Chennai,Basic
28.0,36158.0,616.0,Chennai,Basic
27.0,44518.0,625.0,Chennai,Basic
31.0,30194.0,651.0,Mumbai,Basic
17.0,35178.0,709.0,Mumbai,Basic
33.0,25059.0,566.0,Mumbai,Basic
21.0,51490.0,656.0,Delhi,Basic
26.0,44747.0,539.0,Delhi,Basic
28.0,30595.0,598.0,Delhi,Basic
23.0,39516.0,625.0,Mumbai,Premium
22.0,47598.0,537.0,Chennai,Premium
24.0,43961.0,557.0,Chennai,Basic
30.0,43058.0,658.0,Delhi,Basic
34.0,33137.0,654.0,Chennai,Basic
33.0,34902.0,644.0,Mumbai,Basic
24.0,40761.0,610.0,Chennai,Basic
25.0,47362.0,758.0,Mumbai,Basic
24.0,33369.0,642.0,Chennai,Premium
33.0,31029.0,607.0,Chennai,Basic
18.0,49152.0,734.0,Delhi,Premium
37.0,32558.0,681.0,Delhi,Basic
27.0,48617.0,631.0,Mumbai,Basic
25.0,41944.0,710.0,Delhi,Premium
32.0,47048.0,658.0,Mumbai,Basic
36.0,53955.0,682.0,Mumbai,Premium
32.0,45509.0,662.0,Mumbai,Basic
36.0,46208.0,599.0,Chennai,Premium
31.0,32657.0,699.0,Delhi,Basic
37.0,34439.0,658.0,Chennai,Premium
37.0,45152.0,600.0,Chennai,Basic
29.0,52274.0,612.0,Chennai,Basic
39.0,51137.0,698.0,Chennai,Basic
31.0,58533.0,632.0,Mumbai,Basic
31.0,42487.0,652.0,Chennai,Basic
24.0,41622.0,683.0,Chennai,Basic
28.0,48050.0,656.0,Chennai,Basic
35.0,40151.0,574.0,Chennai,Premium
22.0,39500.0,682.0,Mumbai,Basic
34.0,31621.0,697.0,Delhi,Premium
32.0,47930.0,693.0,Delhi,Premium
32.0,31424.0,731.0,Delhi,Premium
17.0,44098.0,668.0,Mumbai,Basic
29.0,28647.0,689.0,Chennai,Premium
34.0,48771.0,729.0,Delhi,Basic
25.0,31770.0,635.0,Delhi,Basic
31.0,46748.0,737.0,Mumbai,Basic
16.0,27285.0,737.0,Mumbai,Basic
34.0,36481.0,689.0,Mumbai,Basic
26.0,49427.0,742.0,Chennai,Premium
35.0,33557.0,693.0,Mumbai,Basic
19.0,40538.0,606.0,Mumbai,Premium
34.0,36173.0,707.0,Chennai,Premium
29.0,21525.0,666.0,Mumbai,Basic
35.0,42464.0,671.0,Mumbai,Premium
24.0,43458.0,658.0,Mumbai,Basic
26.0,31138.0,718.0,Mumbai,Basic
43.0,44589.0,678.0,Mumbai,Basic
25.0,33634.0,615.0,Mumbai,Premium
26.0,31973.0,674.0,Mumbai,Basic
28.0,40055.0,686.0,Chennai,Basic
24.0,34549.0,614.0,Chennai,Basic
37.0,58339.0,628.0,Chennai,Basic
40.0,27561.0,631.0,Delhi,Basic
26.0,45908.0,620.0,Chennai,Basic
20.0,47911.0,667.0,Delhi,Basic
37.0,24166.0,701.0,Mumbai,Basic
37.0,26140.0,745.0,Mumbai,Basic
35.0,44499.0,710.0,Chennai,Basic
37.0,36148.0,701.0,Delhi,Premium
25.0,43069.0,707.0,Chennai,Basic
29.0,49116.0,717.0,Mumbai,Basic
22.0,37023.0,631.0,Chennai,Basic
21.0,31488.0,685.0,Chennai,Premium
36.0,18164.0,666.0,Chennai,Basic
26.0,41637.0,644.0,Chennai,Premium
44.0,32571.0,627.0,Delhi,Basic
30.0,42507.0,625.0,Chennai,Basic
26.0,41853.0,637.0,Mumbai,Basic
35.0,28924.0,588.0,Mumbai,Premium
41.0,53791.0,676.0,Delhi,Basic
33.0,48666.0,649.0,Delhi,Premium
23.0,46786.0,655.0,Mumbai,Basic
32.0,30524.0,667.0,Chennai,Premium
38.0,36741.0,686.0,Mumbai,Basic
27.0,35625.0,620.0,Mumbai,Premium
25.0,36682.0,645.0,Chennai,Basic
36.0,31007.0,570.0,Chennai,Basic
31.0,43477.0,539.0,Mumbai,Basic
23.0,41834.0,553.0,Chennai,Basic
28.0,42923.0,727.0,Mumbai,Basic
25.0,35952.0,559.0,Mumbai,Premium
32.0,50328.0,674.0,Mumbai,Basic
31.0,41502.0,724.0,Mumbai,Basic
37.0,18097.0,627.0,Delhi,Basic
34.0,34879.0,731.0,Mumbai,Basic
21.0,39544.0,742.0,Delhi,Basic
32.0,47723.0,697.0,Delhi,Basic
35.0,37594.0,769.0,Mumbai,Basic
33.0,37999.0,681.0,Delhi,Basic
36.0,34697.0,614.0,Chennai,Basic
27.0,45324.0,676.0,Chennai,Premium
24.0,36419.0,628.0,Delhi,Premium
36.0,35172.0,585.0,Chennai,Premium
24.0,34063.0,586.0,Mumbai,Basic
17.0,44453.0,766.0,Mumbai,Basic
36.0,35736.0,623.0,Mumbai,Premium
26.0,26593.0,649.0,Mumbai,Basic
28.0,44981.0,617.0,Chennai,Basic
22.0,34389.0,657.0,Chennai,Basic
22.0,42856.0,638.0,Mumbai,Premium
23.0,42990.0,630.0,Chennai,Premium
28.0,49629.0,590.0,Mumbai,Premium
32.0,48356.0,580.0,Delhi,Basic
16.0,35400.0,613.0,Delhi,Basic
35.0,38669.0,665.0,Delhi,Basic
23.0,29677.0,754.0,Delhi,Basic
24.0,53419.0,703.0,Chennai,Basic
34.0,43533.0,742.0,Chennai,Basic
30.0,51155.0,675.0,Mumbai,Basic
21.0,37448.0,646.0,Mumbai,Basic
41.0,23607.0,585.0,Delhi,Basic
25.0,52254.0,651.0,Delhi,Basic
31.0,40745.0,544.0,Chennai,Basic
31.0,41065.0,636.0,Delhi,Basic
38.0,40444.0,732.0,Delhi,Premium
27.0,45157.0,667.0,Delhi,Premium
36.0,44265.0,707.0,Chennai,Premium
26.0,27276.0,632.0,Chennai,Basic
37.0,48695.0,582.0,Mumbai,Premium
25.0,35768.0,627.0,Mumbai,Basic
28.0,36264.0,631.0,Chennai,Premium
41.0,53819.0,711.0,Mumbai,Premium
32.0,47364.0,750.0,Mumbai,Basic
31.0,37295.0,614.0,Chennai,Premium
43.0,25149.0,633.0,Mumbai,Premium
32.0,41293.0,644.0,Chennai,Basic
25.0,44309.0,634.0,Chennai,Basic
34.0,39356.0,589.0,Chennai,Basic
23.0,30032.0,656.0,Delhi,Basic
37.0,33674.0,669.0,Delhi,Premium
37.0,29958.0,671.0,Delhi,Basic
27.0,41723.0,591.0,Chennai,Basic
26.0,46555.0,646.0,Mumbai,Premium
31.0,48203.0,564.0,Chennai,Basic
30.0,34142.0,697.0,Chennai,Basic
24.0,41880.0,600.0,Delhi,Basic
33.0,44433.0,638.0,Chennai,Basic
18.0,35911.0,629.0,Mumbai,Premium
27.0,38812.0,622.0,Delhi,Basic
28.0,56991.0,598.0,Mumbai,Basic
28.0,41641.0,563.0,Chennai,Basic
32.0,47064.0,738.0,Delhi,Basic
23.0,36521.0,664.0,Chennai,Premium
34.0,40334.0,665.0,Chennai,Premium
29.0,26285.0,756.0,Delhi,Basic
26.0,39799.0,646.0,Mumbai,Basic
22.0,49538.0,679.0,Delhi,Premium
23.0,56791.0,653.0,Mumbai,Premium
32.0,49573.0,711.0,Chennai,Basic
24.0,45495.0,677.0,Chennai,Basic
30.0,40424.0,667.0,Chennai,Basic
36.0,35200.0,639.0,Mumbai,Basic
36.0,38718.0,666.0,Chennai,Basic
39.0,44903.0,710.0,Delhi,Basic
28.0,33719.0,548.0,Delhi,Basic
23.0,47465.0,645.0,Chennai,Premium
36.0,32127.0,631.0,Mumbai,Basic
32.0,25766.0,637.0,Mumbai,Basic
37.0,31903.0,553.0,Chennai,Basic
30.0,26677.0,688.0,Chennai,Basic
37.0,29021.0,609.0,Delhi,Premium
35.0,49057.0,640.0,Delhi,Basic
34.0,38399.0,626.0,Delhi,Premium
33.0,41749.0,568.0,Delhi,Basic
32.0,49265.0,629.0,Mumbai,Basic
31.0,50073.0,560.0,Mumbai,Premium
31.0,35963.0,605.0,Chennai,Basic
36.0,50629.0,636.0,Mumbai,Premium
27.0,43077.0,651.0,Delhi,Basic
40.0,40027.0,654.0,Mumbai,Premium
29.0,43537.0,645.0,Delhi,Basic
36.0,28595.0,759.0,Chennai,Basic
29.0,33711.0,673.0,Mumbai,Basic
29.0,39135.0,591.0,Chennai,Premium
42.0,44878.0,621.0,Mumbai,Basic
28.0,37024.0,619.0,Delhi,Premium
22.0,38981.0,643.0,Mumbai,Basic
26.0,47755.0,621.0,Mumbai,Premium
28.0,51294.0,609.0,Mumbai,Premium
43.0,46137.0,734.0,Mumbai,Basic
31.0,50147.0,654.0,Delhi,Basic
36.0,36765.0,635.0,Chennai,Basic
24.0,37549.0,639.0,Delhi,Basic
32.0,42547.0,641.0,Chennai,Basic
34.0,37591.0,721.0,Chennai,Premium
41.0,35943.0,676.0,Delhi,Premium
26.0,53217.0,708.0,Delhi,Premium
34.0,38391.0,496.0,Chennai,Basic
32.0,32272.0,668.0,Chennai,Basic
24.0,43899.0,705.0,Chennai,Basic
30.0,54686.0,750.0,Chennai,Premium
28.0,40646.0,653.0,Delhi,Premium
16.0,49851.0,566.0,Chennai,Premium
34.0,36497.0,681.0,Chennai,Basic
33.0,36069.0,622.0,Chennai,Basic
27.0,34481.0,562.0,Mumbai,Basic
22.0,38853.0,621.0,Chennai,Basic
39.0,54691.0,705.0,Chennai,Basic
32.0,30756.0,712.0,Mumbai,Basic
36.0,53098.0,688.0,Delhi,Basic
38.0,31932.0,599.0,Mumbai,Basic
27.0,38130.0,778.0,Chennai,Premium
35.0,46686.0,593.0,Chennai,Basic
29.0,45042.0,648.0,Delhi,Premium
30.0,42256.0,580.0,Chennai,Premium
29.0,26805.0,718.0,Mumbai,Basic
30.0,42898.0,674.0,Chennai,Basic
37.0,31821.0,696.0,Mumbai,Basic
31.0,60551.0,656.0,Delhi,Basic
29.0,38293.0,648.0,Mumbai,Premium
28.0,41510.0,661.0,Chennai,Basic
32.0,30826.0,558.0,Mumbai,Basic
25.0,36169.0,702.0,Delhi,Basic
27.0,29672.0,698.0,Delhi,Basic
30.0,47852.0,632.0,Chennai,Basic
27.0,37904.0,651.0,Chennai,Premium
29.0,44501.0,667.0,Mumbai,Basic
26.0,34523.0,731.0,Mumbai,Premium
42.0,35991.0,674.0,Delhi,Premium
38.0,50305.0,654.0,Mumbai,Basic
33.0,32226.0,627.0,Delhi,Basic
30.0,25588.0,577.0,Delhi,Basic
43.0,43250.0,622.0,Delhi,Basic
32.0,30869.0,656.0,Delhi,Premium
29.0,36484.0,640.0,Chennai,Basic
32.0,47293.0,656.0,Mumbai,Premium
32.0,33451.0,689.0,Delhi,Basic
38.0,47028.0,674.0,Delhi,Basic
30.0,34550.0,666.0,Chennai,Basic
43.0,51925.0,685.0,Mumbai,Basic
25.0,50601.0,662.0,Chennai,Premium
34.0,36229.0,651.0,Mumbai,Basic
24.0,38294.0,676.0,Delhi,Basic
41.0,33345.0,566.0,Chennai,Premium
28.0,41600.0,715.0,Mumbai,Basic
30.0,49193.0,588.0,Chennai,Basic
36.0,28426.0,694.0,Chennai,Premium
38.0,47340.0,653.0,Chennai,Premium
23.0,29409.0,708.0,Delhi,Basic
28.0,33122.0,654.0,Delhi,Basic
22.0,25698.0,605.0,Mumbai,Premium
31.0,56840.0,706.0,Mumbai,Basic
29.0,40470.0,662.0,Chennai,Basic
28.0,41958.0,658.0,Delhi,Basic
26.0,34591.0,657.0,Delhi,Basic
28.0,48536.0,703.0,Delhi,Basic
26.0,23175.0,693.0,Delhi,Basic
33.0,40213.0,664.0,Chennai,Basic
39.0,57654.0,575.0,Chennai,Basic
18.0,36944.0,632.0,Chennai,Premium
29.0,40137.0,658.0,Delhi,Basic
27.0,45378.0,742.0,Chennai,Basic
33.0,33508.0,672.0,Chennai,Premium
24.0,40183.0,648.0,Delhi,Premium
29.0,47688.0,712.0,Chennai,Premium
24.0,41555.0,647.0,Mumbai,Basic
34.0,42968.0,651.0,Chennai,Basic
31.0,37205.0,661.0,Delhi,Basic
29.0,42525.0,578.0,Delhi,Premium
32.0,40446.0,701.0,Mumbai,Premium
29.0,51641.0,674.0,Delhi,Basic
21.0,45795.0,639.0,Mumbai,Premium
34.0,38051.0,596.0,Chennai,Basic
32.0,20426.0,663.0,Mumbai,Premium
29.0,45726.0,723.0,Chennai,Premium
36.0,46042.0,621.0,Mumbai,Basic
37.0,32665.0,600.0,Chennai,Basic
23.0,24013.0,674.0,Mumbai,Premium
25.0,30866.0,573.0,Delhi,Basic
39.0,47410.0,542.0,Delhi,Basic
39.0,31482.0,631.0,Chennai,Basic
26.0,36324.0,618.0,Chennai,Premium
23.0,41763.0,639.0,Chennai,Basic
26.0,49795.0,625.0,Chennai,Basic
27.0,39855.0,669.0,Delhi,Basic
20.0,39197.0,642.0,Chennai,Basic
30.0,35609.0,623.0,Chennai,Basic
22.0,53045.0,630.0,Chennai,Premium
23.0,48528.0,684.0,Chennai,Basic
35.0,39239.0,701.0,Chennai,Basic
26.0,28827.0,698.0,Delhi,Basic
30.0,33678.0,688.0,Mumbai,Basic
34.0,44636.0,488.0,Delhi,Premium
35.0,34228.0,603.0,Mumbai,Basic
28.0,47138.0,637.0,Chennai,Basic
30.0,42892.0,663.0,Delhi,Basic
25.0,42341.0,572.0,Mumbai,Premium
40.0,45228.0,724.0,Mumbai,Basic
34.0,43989.0,668.0,Mumbai,Basic
23.0,33159.0,622.0,Delhi,Premium
30.0,37393.0,661.0,Mumbai,Basic
34.0,58719.0,636.0,Chennai,Basic
33.0,30337.0,615.0,Mumbai,Basic
41.0,36204.0,678.0,Mumbai,Premium
38.0,48526.0,630.0,Mumbai,Basic
27.0,38726.0,582.0,Chennai,Premium
29.0,33503.0,621.0,Chennai,Basic
22.0,29415.0,647.0,Chennai,Premium
31.0,44288.0,599.0,Delhi,Basic
31.0,48159.0,716.0,Chennai,Basic
46.0,51199.0,599.0,Mumbai,Premium
31.0,40430.0,741.0,Chennai,Basic
17.0,48360.0,698.0,Mumbai,Premium
26.0,31736.0,606.0,Delhi,Basic
31.0,41344.0,660.0,Chennai,Basic
22.0,34581.0,712.0,Chennai,Premium
25.0,41391.0,644.0,Chennai,Basic
